id,fidelidade,sexo,idade,atendimento,sortimento,acessibilidade,pre√ßo
1,nao,feminino,34,2,2,1,1
2,nao,feminino,34,2,2,1,1
3,nao,masculino,34,3,2,4,2
4,nao,feminino,34,4,3,3,3
5,nao,feminino,34,4,3,1,4
6,nao,feminino,34,2,3,3,3
7,nao,feminino,34,5,1,4,2
8,nao,feminino,34,2,3,3,3
9,nao,feminino,34,4,3,3,3
10,nao,feminino,34,3,2,5,4
11,nao,feminino,34,4,3,1,4
12,nao,feminino,29,4,1,3,3
13,nao,feminino,34,4,3,3,3
14,nao,feminino,34,3,5,1,3
15,nao,feminino,34,4,4,3,3
16,nao,masculino,34,1,4,2,3
17,nao,feminino,35,4,3,4,2
18,nao,feminino,34,3,2,3,3
19,nao,feminino,34,4,1,3,3
20,nao,feminino,34,3,2,1,4
21,nao,feminino,34,3,2,3,3
22,nao,feminino,35,3,2,3,3
23,nao,feminino,34,4,3,1,4
24,nao,masculino,34,3,2,4,2
25,nao,feminino,32,1,3,1,4
26,nao,feminino,32,4,3,3,5
27,nao,feminino,33,4,1,5,4
28,nao,feminino,34,5,1,4,2
29,nao,feminino,32,1,3,1,4
30,nao,feminino,34,4,4,3,3
31,nao,feminino,34,4,4,3,3
32,nao,feminino,34,1,5,3,3
33,nao,feminino,34,4,4,1,4
34,nao,feminino,32,4,3,3,5
35,nao,feminino,29,4,1,3,3
36,nao,feminino,30,4,3,5,4
37,nao,feminino,31,3,1,2,3
38,nao,feminino,34,4,1,3,1
39,nao,masculino,34,1,4,2,3
40,nao,feminino,31,3,1,2,3
41,nao,feminino,34,4,3,3,3
42,nao,feminino,34,2,4,3,5
43,nao,feminino,34,4,1,1,2
44,nao,masculino,34,5,1,3,3
45,nao,feminino,34,2,2,1,1
46,nao,feminino,34,5,1,4,2
47,nao,feminino,33,4,1,5,4
48,nao,feminino,30,4,3,5,4
49,nao,feminino,34,3,2,3,3
50,nao,feminino,34,4,4,3,3
51,nao,feminino,34,1,5,3,3
52,nao,feminino,32,4,3,3,5
53,nao,feminino,34,1,5,3,3
54,nao,feminino,34,2,3,3,3
55,nao,feminino,30,4,3,5,4
56,nao,feminino,34,3,2,5,4
57,nao,feminino,30,4,3,5,4
58,nao,masculino,34,1,1,4,1
59,nao,feminino,34,3,2,3,3
60,nao,feminino,34,4,3,1,4
61,nao,feminino,34,4,1,1,2
62,nao,feminino,34,3,2,3,3
63,nao,feminino,34,3,2,3,3
64,nao,feminino,34,4,3,1,2
65,nao,feminino,32,4,3,3,5
66,nao,feminino,34,3,2,1,4
67,nao,feminino,34,2,4,1,4
68,nao,feminino,31,3,1,2,3
69,nao,feminino,34,4,1,3,3
70,nao,masculino,34,3,2,4,2
71,nao,feminino,34,2,3,3,3
72,nao,feminino,34,3,2,3,3
73,nao,feminino,34,2,3,3,3
74,nao,masculino,34,3,2,4,2
75,nao,feminino,34,5,1,1,3
76,nao,feminino,34,4,3,3,3
77,nao,feminino,34,2,3,3,1
78,nao,feminino,34,2,2,1,1
79,nao,feminino,34,4,3,1,4
80,nao,feminino,34,2,4,1,4
81,nao,feminino,34,4,3,1,4
82,nao,feminino,34,4,4,3,3
83,nao,feminino,32,4,3,3,5
84,nao,feminino,31,2,3,3,3
85,nao,feminino,34,3,2,5,4
86,nao,feminino,34,3,2,3,3
87,nao,feminino,29,4,1,3,3
88,nao,feminino,34,2,3,3,1
89,nao,feminino,33,4,1,5,4
90,nao,feminino,34,3,2,1,4
91,nao,masculino,34,5,1,3,3
92,nao,feminino,34,4,4,1,4
93,nao,feminino,32,1,3,1,4
94,nao,feminino,34,4,4,3,3
95,nao,feminino,35,4,3,4,2
96,nao,feminino,34,3,5,1,3
97,nao,feminino,31,2,3,3,3
98,nao,feminino,32,1,3,1,4
99,nao,feminino,31,3,1,2,3
100,nao,masculino,34,1,1,4,1
101,nao,feminino,34,3,2,3,3
102,nao,feminino,34,4,4,3,3
103,nao,feminino,34,4,3,1,2
104,nao,masculino,34,1,1,4,1
105,nao,feminino,34,4,1,1,2
106,nao,feminino,35,3,2,3,3
107,nao,feminino,31,2,3,3,3
108,nao,feminino,34,3,2,3,3
109,nao,feminino,31,2,3,3,3
110,nao,feminino,34,4,3,1,4
111,nao,feminino,34,4,1,3,1
112,nao,feminino,34,5,1,1,3
113,nao,feminino,35,4,3,4,2
114,nao,feminino,31,3,1,2,3
115,nao,feminino,35,2,3,1,4
116,nao,feminino,31,3,1,2,3
117,nao,feminino,34,4,1,3,1
118,nao,feminino,34,2,3,3,1
119,nao,feminino,34,3,2,5,4
120,nao,feminino,32,4,3,3,5
121,nao,feminino,34,2,4,3,5
122,nao,feminino,34,3,5,1,3
123,nao,feminino,35,4,3,4,2
124,nao,feminino,34,4,4,3,3
125,nao,masculino,34,2,2,3,3
126,nao,feminino,34,1,5,3,3
127,nao,feminino,31,4,3,1,3
128,nao,feminino,34,4,4,1,4
129,nao,feminino,34,4,1,3,1
130,nao,feminino,34,4,4,1,4
131,nao,feminino,34,2,4,1,4
132,nao,feminino,34,5,1,1,3
133,nao,masculino,34,1,1,4,1
134,nao,feminino,34,5,1,4,2
135,nao,feminino,34,5,1,4,2
136,nao,feminino,29,4,1,3,3
137,nao,feminino,30,4,3,5,4
138,nao,feminino,34,4,1,3,3
139,nao,feminino,34,1,5,3,3
140,nao,feminino,34,4,3,1,4
141,nao,feminino,34,2,2,1,1
142,nao,feminino,34,3,2,3,3
143,nao,feminino,34,5,1,1,3
144,nao,feminino,33,4,1,5,4
145,nao,feminino,34,4,3,1,4
146,nao,feminino,34,4,4,3,3
147,nao,masculino,34,1,1,4,1
148,nao,feminino,34,3,2,3,3
149,nao,feminino,34,2,4,3,5
150,nao,feminino,31,2,3,3,3
151,nao,masculino,34,1,4,2,3
152,nao,feminino,35,4,3,4,2
153,nao,feminino,31,4,3,1,3
154,nao,feminino,34,4,1,3,1
155,nao,feminino,34,3,2,3,3
156,nao,feminino,34,4,3,1,4
157,nao,feminino,34,4,3,3,3
158,nao,feminino,34,1,5,3,3
159,nao,feminino,35,3,2,3,3
160,nao,feminino,31,2,3,3,3
161,nao,feminino,34,3,2,3,3
162,nao,feminino,30,4,3,5,4
163,nao,masculino,34,3,2,4,2
164,nao,feminino,31,4,3,1,3
165,nao,feminino,34,3,2,3,3
166,nao,feminino,34,4,4,3,3
167,nao,feminino,29,4,1,3,3
168,nao,feminino,34,3,2,3,3
169,nao,masculino,34,5,1,3,3
170,nao,feminino,34,3,2,5,4
171,nao,feminino,34,4,3,1,4
172,nao,feminino,34,4,1,1,2
173,nao,feminino,32,1,3,1,4
174,nao,feminino,29,4,1,3,3
175,nao,feminino,34,4,1,3,1
176,nao,feminino,29,4,1,3,3
177,nao,feminino,31,4,3,1,3
178,nao,feminino,34,4,3,1,4
179,nao,feminino,31,3,1,2,3
180,nao,feminino,34,4,1,3,3
181,nao,feminino,34,4,3,1,2
182,nao,masculino,34,5,1,3,3
183,nao,feminino,34,3,2,3,3
184,nao,feminino,34,4,3,3,3
185,nao,feminino,34,3,2,3,3
186,nao,feminino,34,4,1,1,2
187,nao,feminino,31,3,1,2,3
188,nao,feminino,31,3,1,2,3
189,nao,feminino,34,4,3,3,3
190,nao,feminino,35,4,3,4,2
191,nao,feminino,33,4,1,5,4
192,nao,feminino,34,3,2,5,4
193,nao,feminino,31,2,3,3,3
194,nao,feminino,31,4,3,1,3
195,nao,feminino,34,4,3,1,2
196,nao,masculino,34,3,2,4,2
197,nao,feminino,34,4,1,3,1
198,nao,feminino,34,2,3,3,3
199,nao,feminino,31,3,1,2,3
200,nao,feminino,34,2,2,1,1
201,nao,masculino,34,1,4,2,3
202,nao,feminino,35,4,3,4,2
203,nao,feminino,35,2,3,1,4
204,nao,feminino,34,4,1,1,2
205,nao,feminino,29,4,1,3,3
206,nao,masculino,34,2,2,3,3
207,nao,feminino,34,4,1,3,1
208,nao,feminino,34,3,2,5,4
209,nao,feminino,34,4,4,1,4
210,nao,masculino,34,2,2,3,3
211,nao,feminino,34,1,5,3,3
212,nao,feminino,34,3,2,5,4
213,nao,masculino,34,5,1,3,3
214,nao,feminino,30,4,3,5,4
215,nao,masculino,34,3,2,4,2
216,nao,feminino,34,4,3,3,3
217,nao,feminino,34,4,3,1,2
218,nao,feminino,31,4,3,1,3
219,nao,feminino,35,2,3,1,4
220,nao,feminino,34,2,4,1,4
221,nao,masculino,34,1,4,2,3
222,nao,feminino,34,4,3,1,4
223,nao,feminino,34,5,1,1,3
224,nao,feminino,31,2,3,3,3
225,nao,feminino,31,3,1,2,3
226,nao,feminino,34,4,3,1,4
227,nao,feminino,34,3,2,3,3
228,nao,feminino,34,4,3,1,4
229,nao,masculino,34,1,1,4,1
230,nao,feminino,31,3,1,2,3
231,nao,feminino,34,3,2,3,3
232,nao,feminino,31,4,3,1,3
233,nao,feminino,34,2,4,1,4
234,nao,feminino,32,1,3,1,4
235,nao,masculino,34,2,2,3,3
236,nao,feminino,34,4,3,3,3
237,nao,feminino,32,4,3,3,5
238,nao,feminino,34,4,1,3,1
239,nao,feminino,29,4,1,3,3
240,nao,feminino,34,4,4,1,4
241,nao,feminino,34,3,2,3,3
242,nao,feminino,34,4,3,1,4
243,nao,feminino,35,4,3,4,2
244,nao,feminino,34,1,5,3,3
245,nao,feminino,34,2,4,3,5
246,nao,feminino,34,1,5,3,3
247,nao,feminino,34,4,3,3,3
248,nao,feminino,34,3,2,3,3
249,nao,feminino,34,3,2,3,3
250,nao,feminino,34,4,1,3,1
251,nao,feminino,34,4,1,3,1
252,nao,feminino,34,1,5,3,3
253,nao,feminino,31,2,3,3,3
254,nao,masculino,34,1,1,4,1
255,nao,feminino,35,2,3,1,4
256,nao,feminino,34,5,1,1,3
257,nao,feminino,35,4,3,4,2
258,nao,masculino,34,5,1,3,3
259,nao,feminino,35,4,3,4,2
260,nao,feminino,34,3,2,3,3
261,nao,feminino,34,3,2,3,3
262,nao,feminino,34,4,3,1,4
263,nao,feminino,34,4,1,1,2
264,nao,feminino,35,2,3,1,4
265,nao,feminino,29,4,1,3,3
266,nao,feminino,34,3,2,3,3
267,nao,masculino,34,2,2,3,3
268,nao,feminino,31,2,3,3,3
269,nao,feminino,31,4,3,1,3
270,nao,feminino,34,4,1,1,2
271,nao,masculino,34,5,1,3,3
272,nao,feminino,34,4,1,3,3
273,nao,feminino,34,3,2,3,3
274,nao,masculino,34,3,2,4,2
275,nao,feminino,34,1,5,3,3
276,nao,feminino,34,3,2,3,3
277,nao,feminino,34,4,1,3,1
278,nao,feminino,35,4,3,4,2
279,nao,masculino,34,1,1,4,1
280,nao,feminino,34,4,4,3,3
281,nao,feminino,34,3,2,3,3
282,nao,feminino,34,4,4,3,3
283,nao,feminino,32,1,3,1,4
284,nao,feminino,30,4,3,5,4
285,nao,feminino,34,4,3,5,1
286,nao,feminino,34,4,1,3,1
287,nao,feminino,34,4,3,1,2
288,nao,feminino,34,4,3,1,2
289,nao,feminino,34,4,4,3,3
290,nao,masculino,34,3,2,4,2
291,nao,feminino,34,4,3,3,3
292,nao,feminino,34,2,3,3,3
293,nao,feminino,35,3,2,3,3
294,nao,feminino,31,2,3,3,3
295,nao,feminino,34,2,3,3,1
296,nao,feminino,31,4,3,1,3
297,nao,feminino,35,4,3,4,2
298,nao,feminino,34,4,4,3,3
299,nao,masculino,34,5,1,3,3
300,nao,feminino,29,4,1,3,3
301,nao,feminino,34,4,3,3,3
302,nao,feminino,34,3,2,1,4
303,nao,feminino,33,4,1,5,4
304,nao,masculino,34,3,2,4,2
305,nao,feminino,34,4,3,1,4
306,nao,feminino,35,2,3,1,4
307,nao,feminino,35,3,2,3,3
308,nao,feminino,34,4,3,1,2
309,nao,feminino,34,4,1,3,3
310,nao,feminino,34,3,2,1,4
311,nao,feminino,32,1,3,1,4
312,nao,feminino,31,3,1,2,3
313,nao,feminino,34,3,2,3,3
314,nao,feminino,34,4,3,3,3
315,nao,feminino,32,4,3,3,5
316,nao,feminino,35,2,3,1,4
317,nao,feminino,34,3,2,3,3
318,nao,masculino,34,1,1,4,1
319,nao,feminino,34,4,1,1,2
320,nao,masculino,34,5,1,3,3
321,nao,feminino,34,3,2,3,3
322,nao,feminino,34,4,3,5,1
323,nao,feminino,34,4,4,3,3
324,nao,feminino,33,4,1,5,4
325,nao,feminino,34,2,4,1,4
326,nao,feminino,34,4,3,1,4
327,nao,feminino,34,4,3,1,2
328,nao,feminino,33,4,1,5,4
329,nao,feminino,34,2,3,3,3
330,nao,feminino,34,3,2,3,3
331,nao,feminino,34,3,2,3,3
332,nao,feminino,34,2,2,1,1
333,nao,feminino,34,5,1,4,2
334,nao,feminino,34,3,2,3,3
335,nao,feminino,34,4,3,1,4
336,nao,feminino,34,4,1,3,1
337,nao,feminino,34,3,2,1,4
338,nao,feminino,33,4,1,5,4
339,nao,feminino,34,4,3,5,1
340,nao,feminino,34,3,2,3,3
341,nao,feminino,34,4,1,3,3
342,nao,feminino,34,3,2,3,3
343,nao,feminino,33,4,1,5,4
344,nao,masculino,34,5,1,3,3
345,nao,masculino,34,1,4,2,3
346,nao,feminino,34,2,2,1,1
347,nao,masculino,34,2,2,3,3
348,nao,feminino,35,2,3,1,4
349,nao,feminino,34,4,1,3,1
350,nao,feminino,34,4,4,1,4
351,nao,feminino,34,4,4,3,3
352,nao,feminino,34,3,2,3,3
353,nao,feminino,34,4,3,3,3
354,nao,feminino,32,1,3,1,4
355,nao,feminino,31,2,3,3,3
356,nao,feminino,32,1,3,1,4
357,nao,feminino,31,3,1,2,3
358,nao,masculino,34,5,1,3,3
359,nao,masculino,34,1,1,4,1
360,nao,feminino,34,3,2,3,3
361,nao,feminino,34,2,3,3,1
362,nao,feminino,34,2,2,1,1
363,nao,feminino,34,3,2,5,4
364,nao,masculino,34,5,1,3,3
365,nao,feminino,32,1,3,1,4
366,nao,feminino,35,2,3,1,4
367,nao,feminino,29,4,1,3,3
368,nao,feminino,35,4,3,4,2
369,nao,feminino,34,2,4,1,4
370,nao,feminino,34,4,4,1,4
371,nao,feminino,34,2,3,3,1
372,nao,feminino,34,2,3,3,1
373,nao,feminino,34,4,4,1,4
374,nao,feminino,34,4,3,1,4
375,nao,feminino,34,2,2,1,1
376,nao,masculino,34,1,4,2,3
377,nao,feminino,34,4,1,1,2
378,nao,feminino,35,3,2,3,3
379,nao,masculino,34,3,2,4,2
380,nao,feminino,34,4,4,3,3
381,nao,feminino,32,4,3,3,5
382,nao,feminino,34,4,3,3,3
383,nao,feminino,29,4,1,3,3
384,nao,feminino,34,3,2,3,3
385,nao,feminino,34,4,1,1,2
386,nao,feminino,34,3,5,1,3
387,nao,feminino,34,1,5,3,3
388,nao,masculino,34,3,2,4,2
389,nao,feminino,34,4,4,1,4
390,nao,feminino,34,4,3,5,1
391,nao,feminino,34,4,3,1,2
392,nao,feminino,34,4,3,1,4
393,nao,feminino,34,4,4,3,3
394,nao,feminino,35,3,2,3,3
395,nao,masculino,34,2,2,3,3
396,nao,feminino,34,3,2,3,3
397,nao,feminino,34,3,2,3,3
398,nao,feminino,34,4,3,5,1
399,nao,feminino,34,4,3,1,2
400,nao,feminino,32,1,3,1,4
401,nao,feminino,34,3,2,3,3
402,nao,feminino,33,4,1,5,4
403,nao,feminino,34,4,4,3,3
404,nao,feminino,32,1,3,1,4
405,nao,feminino,34,4,3,5,1
406,nao,feminino,35,3,2,3,3
407,nao,feminino,35,2,3,1,4
408,nao,masculino,34,1,4,2,3
409,nao,masculino,34,2,2,3,3
410,nao,feminino,31,3,1,2,3
411,nao,feminino,35,2,3,1,4
412,nao,feminino,31,3,1,2,3
413,nao,feminino,32,4,3,3,5
414,nao,feminino,34,4,4,3,3
415,nao,feminino,34,4,1,1,2
416,nao,feminino,34,1,5,3,3
417,nao,feminino,34,3,5,1,3
418,nao,feminino,34,2,4,1,4
419,nao,feminino,31,4,3,1,3
420,nao,feminino,34,4,4,1,4
421,nao,feminino,34,4,1,3,1
422,nao,feminino,34,2,2,1,1
423,nao,feminino,34,3,2,5,4
424,nao,feminino,30,4,3,5,4
425,nao,feminino,34,4,3,5,1
426,nao,feminino,34,1,5,3,3
427,nao,masculino,34,1,4,2,3
428,nao,feminino,34,2,4,3,5
429,nao,feminino,30,4,3,5,4
430,nao,feminino,34,3,2,3,3
431,nao,feminino,31,4,3,1,3
432,nao,feminino,34,4,3,1,4
433,nao,feminino,34,4,3,1,4
434,nao,feminino,34,3,2,3,3
435,nao,feminino,34,2,4,3,5
436,nao,feminino,34,5,1,4,2
437,nao,feminino,34,4,3,3,3
438,nao,masculino,34,5,1,3,3
439,nao,feminino,34,3,2,3,3
440,nao,feminino,29,4,1,3,3
441,nao,masculino,34,1,1,4,1
442,nao,feminino,35,3,2,3,3
443,nao,feminino,34,5,1,1,3
444,nao,feminino,34,4,1,1,2
445,nao,feminino,34,3,2,1,4
446,nao,feminino,31,2,3,3,3
447,nao,feminino,34,3,2,5,4
448,nao,masculino,34,2,2,3,3
449,nao,feminino,34,3,2,3,3
450,nao,feminino,34,3,2,3,3
451,nao,feminino,34,3,2,3,3
452,nao,feminino,34,3,2,3,3
453,nao,feminino,31,3,1,2,3
454,nao,feminino,34,4,1,3,3
455,nao,feminino,34,3,2,3,3
456,nao,feminino,34,4,4,3,3
457,nao,feminino,35,2,3,1,4
458,nao,feminino,31,2,3,3,3
459,nao,masculino,34,1,1,4,1
460,nao,feminino,34,3,2,3,3
461,nao,feminino,34,5,1,4,2
462,nao,masculino,34,3,2,4,2
463,nao,feminino,34,4,3,3,3
464,nao,feminino,32,4,3,3,5
465,nao,feminino,34,4,4,3,3
466,nao,feminino,34,4,4,3,3
467,nao,feminino,32,4,3,3,5
468,nao,feminino,34,3,2,3,3
469,nao,feminino,34,3,5,1,3
470,nao,feminino,34,2,3,3,3
471,nao,feminino,34,5,1,1,3
472,nao,feminino,34,3,5,1,3
473,nao,feminino,33,4,1,5,4
474,nao,feminino,34,3,2,1,4
475,nao,feminino,34,3,2,5,4
476,nao,feminino,34,4,3,5,1
477,nao,feminino,34,4,3,3,3
478,nao,feminino,34,3,2,3,3
479,nao,feminino,34,4,1,3,3
480,nao,feminino,34,4,4,1,4
481,nao,feminino,35,2,3,1,4
482,nao,feminino,34,4,3,3,3
483,nao,feminino,34,4,1,1,2
484,nao,feminino,34,2,4,1,4
485,nao,feminino,34,3,2,3,3
486,nao,feminino,34,2,3,3,3
487,nao,feminino,34,4,3,3,3
488,nao,feminino,31,3,1,2,3
489,nao,masculino,34,1,4,2,3
490,nao,feminino,34,4,4,3,3
491,nao,feminino,34,4,1,3,1
492,nao,feminino,34,4,1,3,3
493,nao,feminino,34,2,4,1,4
494,nao,feminino,34,4,3,5,1
495,nao,masculino,34,1,4,2,3
496,nao,feminino,34,3,2,3,3
497,nao,feminino,34,5,1,4,2
498,nao,feminino,35,2,3,1,4
499,nao,feminino,34,3,2,5,4
500,nao,feminino,34,4,1,3,3
501,nao,feminino,34,3,2,3,3
502,nao,feminino,34,4,4,1,4
503,nao,feminino,34,3,2,3,3
504,nao,masculino,34,1,4,2,3
505,nao,feminino,34,4,1,1,2
506,nao,feminino,34,4,1,1,2
507,nao,feminino,34,5,1,1,3
508,nao,feminino,34,4,3,1,2
509,nao,feminino,34,3,2,3,3
510,nao,feminino,29,4,1,3,3
511,nao,feminino,34,1,5,3,3
512,nao,feminino,34,4,3,3,3
513,nao,feminino,35,4,3,4,2
514,nao,feminino,33,4,1,5,4
515,nao,masculino,34,3,2,4,2
516,nao,feminino,34,4,4,3,3
517,nao,masculino,34,5,1,3,3
518,nao,feminino,34,3,5,1,3
519,nao,feminino,34,3,2,3,3
520,nao,feminino,34,4,3,1,2
521,nao,feminino,34,3,2,3,3
522,nao,masculino,34,2,2,3,3
523,nao,feminino,34,4,4,3,3
524,nao,masculino,34,3,2,4,2
525,nao,masculino,34,1,4,2,3
526,nao,feminino,34,4,4,3,3
527,nao,feminino,34,1,5,3,3
528,nao,feminino,34,5,1,1,3
529,nao,feminino,35,2,3,1,4
530,nao,feminino,30,4,3,5,4
531,nao,masculino,34,5,1,3,3
532,nao,feminino,34,3,2,5,4
533,nao,feminino,35,2,3,1,4
534,nao,feminino,29,4,1,3,3
535,nao,feminino,32,4,3,3,5
536,nao,feminino,34,4,3,1,2
537,nao,feminino,34,3,5,1,3
538,nao,feminino,31,3,1,2,3
539,nao,feminino,34,2,3,3,1
540,nao,feminino,34,2,2,1,1
541,nao,feminino,31,2,3,3,3
542,nao,feminino,34,2,2,1,1
543,nao,feminino,31,4,3,1,3
544,nao,feminino,34,1,5,3,3
545,nao,masculino,34,5,1,3,3
546,nao,feminino,31,4,3,1,3
547,nao,masculino,34,3,2,4,2
548,nao,masculino,34,2,2,3,3
549,nao,feminino,33,4,1,5,4
550,nao,feminino,34,4,4,1,4
551,nao,feminino,34,4,3,3,3
552,nao,masculino,34,1,4,2,3
553,nao,feminino,35,4,3,4,2
554,nao,feminino,35,3,2,3,3
555,nao,feminino,32,4,3,3,5
556,nao,feminino,34,4,3,1,2
557,nao,feminino,30,4,3,5,4
558,nao,masculino,34,1,4,2,3
559,nao,feminino,34,4,3,1,4
560,nao,feminino,34,2,4,1,4
561,nao,feminino,34,4,3,3,3
562,nao,feminino,34,2,4,1,4
563,nao,feminino,34,2,3,3,1
564,nao,feminino,34,2,4,1,4
565,nao,feminino,34,4,3,1,4
566,nao,masculino,34,3,2,4,2
567,nao,feminino,34,4,4,3,3
568,nao,feminino,34,4,1,3,1
569,nao,feminino,34,4,3,1,2
570,nao,feminino,35,2,3,1,4
571,nao,feminino,32,4,3,3,5
572,nao,feminino,34,4,4,3,3
573,nao,feminino,34,4,3,1,4
574,nao,feminino,34,4,3,3,3
575,nao,feminino,30,4,3,5,4
576,nao,feminino,35,4,3,4,2
577,nao,feminino,34,4,4,1,4
578,nao,feminino,34,4,3,1,4
579,nao,feminino,34,4,1,1,2
580,nao,feminino,34,2,2,1,1
581,nao,feminino,34,3,2,3,3
582,nao,feminino,31,3,1,2,3
583,nao,feminino,34,3,2,3,3
584,nao,feminino,30,4,3,5,4
585,nao,feminino,31,3,1,2,3
586,nao,feminino,32,4,3,3,5
587,nao,feminino,34,2,4,1,4
588,nao,feminino,34,4,3,1,2
589,nao,feminino,35,4,3,4,2
590,nao,feminino,34,1,5,3,3
591,nao,feminino,35,4,3,4,2
592,nao,feminino,34,4,4,3,3
593,nao,feminino,34,4,3,3,3
594,nao,feminino,34,4,3,5,1
595,nao,masculino,34,3,2,4,2
596,nao,feminino,34,4,1,3,1
597,nao,feminino,30,4,3,5,4
598,nao,feminino,34,4,3,3,3
599,nao,feminino,34,2,2,1,1
600,nao,feminino,34,2,4,3,5
601,nao,feminino,31,4,3,1,3
602,nao,feminino,34,4,3,3,3
603,nao,feminino,34,2,3,3,3
604,nao,feminino,30,4,3,5,4
605,nao,feminino,34,4,1,3,3
606,nao,feminino,34,4,3,3,3
607,nao,feminino,34,2,4,1,4
608,nao,masculino,34,2,2,3,3
609,nao,feminino,34,3,2,3,3
610,nao,feminino,34,4,3,1,4
611,nao,feminino,34,3,2,5,4
612,nao,feminino,35,3,2,3,3
613,nao,feminino,34,2,4,3,5
614,nao,feminino,31,4,3,1,3
615,nao,feminino,30,4,3,5,4
616,nao,feminino,34,5,1,1,3
617,nao,feminino,34,2,4,1,4
618,nao,feminino,34,4,4,3,3
619,nao,feminino,31,4,3,1,3
620,nao,feminino,34,5,1,1,3
621,nao,feminino,32,4,3,3,5
622,nao,feminino,34,3,5,1,3
623,nao,feminino,34,2,3,3,1
624,nao,feminino,34,2,3,3,1
625,nao,feminino,32,1,3,1,4
626,nao,masculino,34,3,2,4,2
627,nao,feminino,32,1,3,1,4
628,nao,feminino,34,2,3,3,3
629,nao,feminino,35,4,3,4,2
630,nao,feminino,34,4,3,5,1
631,nao,feminino,34,2,4,3,5
632,nao,feminino,34,3,2,3,3
633,nao,feminino,29,4,1,3,3
634,nao,feminino,35,4,3,4,2
635,nao,feminino,34,3,2,3,3
636,nao,feminino,31,2,3,3,3
637,nao,masculino,34,5,1,3,3
638,nao,feminino,29,4,1,3,3
639,nao,feminino,34,3,2,3,3
640,nao,masculino,34,1,1,4,1
641,nao,feminino,32,4,3,3,5
642,nao,feminino,30,4,3,5,4
643,nao,feminino,31,2,3,3,3
644,nao,masculino,34,1,4,2,3
645,nao,feminino,34,3,2,1,4
646,nao,feminino,34,4,3,1,4
647,nao,feminino,35,2,3,1,4
648,nao,feminino,34,3,2,3,3
649,nao,feminino,34,4,4,1,4
650,nao,feminino,34,1,5,3,3
651,nao,masculino,34,5,1,3,3
652,nao,feminino,34,4,1,3,1
653,nao,feminino,34,3,2,1,4
654,nao,feminino,34,3,2,1,4
655,nao,feminino,34,2,3,3,1
656,nao,masculino,34,1,4,2,3
657,nao,feminino,34,4,4,3,3
658,nao,feminino,34,4,1,3,3
659,nao,feminino,34,2,2,1,1
660,nao,feminino,35,4,3,4,2
661,nao,feminino,35,2,3,1,4
662,nao,masculino,34,3,2,4,2
663,nao,feminino,34,5,1,4,2
664,nao,feminino,34,3,2,3,3
665,nao,feminino,34,4,3,3,3
666,nao,feminino,34,4,1,3,3
667,nao,feminino,30,4,3,5,4
668,nao,feminino,32,4,3,3,5
669,nao,feminino,31,2,3,3,3
670,nao,feminino,34,3,2,5,4
671,nao,feminino,34,4,1,3,3
672,nao,feminino,34,3,2,3,3
673,nao,masculino,34,3,2,4,2
674,nao,masculino,34,1,1,4,1
675,nao,feminino,34,5,1,4,2
676,nao,feminino,34,4,3,1,4
677,nao,feminino,34,3,2,3,3
678,nao,feminino,34,4,4,3,3
679,nao,feminino,31,4,3,1,3
680,nao,feminino,33,4,1,5,4
681,nao,masculino,34,5,1,3,3
682,nao,feminino,34,2,2,1,1
683,nao,feminino,34,5,1,1,3
684,nao,feminino,34,4,3,1,2
685,nao,feminino,34,4,4,3,3
686,nao,feminino,34,2,3,3,3
687,nao,feminino,31,2,3,3,3
688,nao,feminino,34,3,2,3,3
689,nao,masculino,34,2,2,3,3
690,nao,feminino,34,5,1,4,2
691,nao,feminino,34,2,3,3,3
692,nao,feminino,32,1,3,1,4
693,nao,feminino,34,3,2,3,3
694,nao,masculino,34,5,1,3,3
695,nao,feminino,34,4,3,3,3
696,nao,feminino,34,2,2,1,1
697,nao,masculino,34,3,2,4,2
698,nao,feminino,34,2,4,3,5
699,nao,feminino,34,2,4,3,5
700,nao,feminino,34,2,4,1,4
701,nao,feminino,34,3,2,3,3
702,nao,feminino,34,4,3,3,3
703,nao,masculino,34,5,1,3,3
704,nao,feminino,34,4,3,3,3
705,nao,feminino,34,3,2,3,3
706,nao,feminino,34,4,3,5,1
707,nao,feminino,34,4,3,1,4
708,nao,feminino,34,4,3,3,3
709,nao,feminino,34,2,4,1,4
710,nao,feminino,34,3,2,3,3
711,nao,feminino,34,2,2,1,1
712,nao,feminino,34,2,2,1,1
713,nao,feminino,34,4,1,1,2
714,nao,feminino,34,4,4,1,4
715,nao,feminino,34,4,1,1,2
716,nao,feminino,34,5,1,4,2
717,nao,feminino,34,4,1,3,3
718,nao,feminino,34,3,2,3,3
719,nao,feminino,34,4,3,5,1
720,nao,feminino,34,3,5,1,3
721,nao,feminino,33,4,1,5,4
722,nao,feminino,34,3,5,1,3
723,nao,feminino,32,1,3,1,4
724,nao,feminino,33,4,1,5,4
725,nao,feminino,34,4,3,1,4
726,nao,feminino,31,3,1,2,3
727,nao,masculino,34,1,4,2,3
728,nao,feminino,33,4,1,5,4
729,nao,feminino,35,4,3,4,2
730,nao,feminino,34,3,2,3,3
731,nao,feminino,32,1,3,1,4
732,nao,feminino,35,2,3,1,4
733,nao,feminino,34,3,2,3,3
734,nao,feminino,34,3,2,3,3
735,nao,feminino,33,4,1,5,4
736,nao,masculino,34,5,1,3,3
737,nao,feminino,34,2,3,3,1
738,nao,feminino,34,3,2,3,3
739,nao,feminino,35,3,2,3,3
740,nao,feminino,29,4,1,3,3
741,nao,feminino,34,4,3,1,2
742,nao,feminino,34,5,1,4,2
743,nao,feminino,34,2,3,3,3
744,nao,feminino,34,3,2,3,3
745,nao,feminino,34,5,1,4,2
746,nao,feminino,31,2,3,3,3
747,nao,feminino,34,4,3,1,2
748,nao,masculino,34,1,1,4,1
749,nao,feminino,34,4,4,3,3
750,nao,feminino,31,4,3,1,3
751,nao,feminino,34,3,2,3,3
752,nao,feminino,34,4,4,1,4
753,nao,feminino,34,3,2,3,3
754,nao,masculino,34,1,4,2,3
755,nao,feminino,35,4,3,4,2
756,nao,feminino,34,3,2,1,4
757,nao,feminino,35,3,2,3,3
758,nao,feminino,34,4,3,1,4
759,nao,feminino,34,4,3,1,4
760,nao,feminino,32,1,3,1,4
761,nao,feminino,34,1,5,3,3
762,nao,feminino,34,3,2,3,3
763,nao,feminino,34,4,3,5,1
764,nao,feminino,35,2,3,1,4
765,nao,feminino,34,3,2,3,3
766,nao,feminino,34,4,1,1,2
767,nao,feminino,29,4,1,3,3
768,nao,masculino,34,1,4,2,3
769,nao,feminino,31,2,3,3,3
770,nao,feminino,31,4,3,1,3
771,nao,masculino,34,2,2,3,3
772,nao,feminino,34,3,2,3,3
773,nao,feminino,32,4,3,3,5
774,nao,feminino,34,4,3,3,3
775,nao,feminino,34,4,4,1,4
776,nao,feminino,34,4,3,1,2
777,nao,feminino,34,4,3,3,3
778,nao,masculino,34,2,2,3,3
779,nao,feminino,35,2,3,1,4
780,nao,feminino,34,2,4,3,5
781,nao,feminino,34,5,1,4,2
782,nao,feminino,34,3,2,3,3
783,nao,feminino,34,4,4,1,4
784,nao,feminino,34,3,5,1,3
785,nao,feminino,34,2,3,3,1
786,nao,feminino,34,4,3,3,3
787,nao,masculino,34,5,1,3,3
788,nao,feminino,34,3,2,3,3
789,nao,feminino,34,4,1,3,3
790,nao,feminino,34,3,2,1,4
791,nao,feminino,34,4,3,1,4
792,nao,feminino,34,4,3,3,3
793,nao,feminino,34,4,4,1,4
794,nao,feminino,34,2,4,3,5
795,nao,feminino,34,3,2,3,3
796,nao,masculino,34,5,1,3,3
797,nao,feminino,34,4,1,3,1
798,nao,feminino,31,2,3,3,3
799,nao,feminino,35,4,3,4,2
800,nao,feminino,34,4,4,1,4
801,nao,feminino,31,2,3,3,3
802,nao,masculino,34,1,1,4,1
803,nao,feminino,34,4,4,1,4
804,nao,feminino,31,2,3,3,3
805,nao,feminino,31,4,3,1,3
806,nao,feminino,34,3,2,1,4
807,nao,feminino,34,4,3,1,4
808,nao,feminino,34,5,1,1,3
809,nao,feminino,34,3,5,1,3
810,nao,feminino,35,3,2,3,3
811,nao,feminino,34,4,1,1,2
812,nao,feminino,34,4,4,3,3
813,nao,feminino,34,3,2,5,4
814,nao,feminino,29,4,1,3,3
815,nao,feminino,34,3,5,1,3
816,nao,feminino,34,2,3,3,1
817,nao,feminino,33,4,1,5,4
818,nao,masculino,34,2,2,3,3
819,nao,feminino,34,3,2,3,3
820,nao,masculino,34,2,2,3,3
821,nao,feminino,34,4,3,5,1
822,nao,feminino,34,4,4,3,3
823,nao,feminino,34,3,2,1,4
824,nao,feminino,34,3,2,3,3
825,nao,feminino,29,4,1,3,3
826,nao,feminino,34,3,2,3,3
827,nao,feminino,34,3,2,3,3
828,nao,feminino,31,2,3,3,3
829,nao,feminino,34,4,3,1,2
830,nao,feminino,34,3,2,5,4
831,nao,feminino,34,4,1,1,2
832,nao,feminino,34,5,1,1,3
833,nao,feminino,34,3,2,3,3
834,nao,feminino,34,4,1,3,1
835,nao,feminino,34,3,5,1,3
836,nao,feminino,34,2,2,1,1
837,nao,feminino,34,3,2,5,4
838,nao,feminino,34,5,1,1,3
839,nao,masculino,34,5,1,3,3
840,nao,masculino,34,2,2,3,3
841,nao,feminino,34,4,3,1,2
842,nao,feminino,34,4,3,1,4
843,nao,feminino,35,2,3,1,4
844,nao,feminino,34,2,4,1,4
845,nao,feminino,34,2,3,3,3
846,nao,feminino,31,4,3,1,3
847,nao,feminino,34,3,5,1,3
848,nao,feminino,34,4,3,3,3
849,nao,feminino,31,2,3,3,3
850,nao,feminino,34,4,3,5,1
851,nao,feminino,34,3,2,3,3
852,nao,feminino,34,4,3,1,2
853,nao,feminino,34,2,4,3,5
854,nao,feminino,34,3,5,1,3
855,nao,feminino,34,5,1,4,2
856,nao,feminino,34,3,2,3,3
857,nao,feminino,34,4,3,3,3
858,nao,feminino,34,3,2,1,4
859,nao,feminino,34,2,4,3,5
860,nao,feminino,34,4,1,1,2
861,nao,masculino,34,3,2,4,2
862,nao,feminino,29,4,1,3,3
863,nao,feminino,34,3,2,1,4
864,nao,feminino,34,4,3,1,4
865,nao,feminino,32,4,3,3,5
866,nao,feminino,34,5,1,4,2
867,nao,feminino,34,3,2,3,3
868,nao,feminino,34,5,1,4,2
869,nao,feminino,33,4,1,5,4
870,nao,feminino,35,4,3,4,2
871,nao,feminino,34,4,1,3,3
872,nao,feminino,34,4,4,1,4
873,nao,feminino,34,3,2,3,3
874,nao,feminino,34,4,3,1,2
875,nao,feminino,32,4,3,3,5
876,nao,feminino,34,2,3,3,3
877,nao,feminino,33,4,1,5,4
878,nao,feminino,34,2,3,3,1
879,nao,feminino,34,2,4,3,5
880,nao,feminino,34,3,2,3,3
881,nao,feminino,34,3,2,3,3
882,nao,feminino,30,4,3,5,4
883,nao,feminino,34,4,1,3,3
884,nao,feminino,34,4,1,3,3
885,nao,masculino,34,2,2,3,3
886,nao,masculino,34,1,4,2,3
887,nao,feminino,34,2,3,3,3
888,nao,feminino,32,1,3,1,4
889,nao,feminino,34,2,4,3,5
890,nao,masculino,34,1,1,4,1
891,nao,feminino,34,4,3,3,3
892,nao,feminino,34,3,2,3,3
893,nao,feminino,35,3,2,3,3
894,nao,feminino,34,5,1,1,3
895,nao,feminino,31,4,3,1,3
896,nao,feminino,34,4,3,3,3
897,nao,feminino,34,3,2,1,4
898,nao,feminino,32,4,3,3,5
899,nao,feminino,34,4,4,3,3
900,nao,feminino,34,4,4,3,3
901,nao,feminino,34,2,4,1,4
902,nao,feminino,34,4,3,5,1
903,nao,feminino,31,3,1,2,3
904,nao,feminino,29,4,1,3,3
905,nao,feminino,34,3,2,3,3
906,nao,feminino,34,3,5,1,3
907,nao,feminino,33,4,1,5,4
908,nao,masculino,34,1,1,4,1
909,nao,feminino,34,3,2,5,4
910,nao,feminino,34,4,1,3,3
911,nao,feminino,32,1,3,1,4
912,nao,feminino,34,5,1,4,2
913,nao,feminino,34,4,3,1,4
914,nao,masculino,34,5,1,3,3
915,nao,feminino,33,4,1,5,4
916,nao,feminino,34,5,1,4,2
917,nao,masculino,34,5,1,3,3
918,nao,feminino,34,4,3,3,3
919,nao,feminino,34,4,4,3,3
920,nao,masculino,34,3,2,4,2
921,nao,feminino,34,2,4,3,5
922,nao,masculino,34,3,2,4,2
923,nao,feminino,34,4,3,5,1
924,nao,feminino,29,4,1,3,3
925,nao,feminino,34,2,3,3,1
926,nao,feminino,34,2,3,3,1
927,nao,feminino,34,4,4,1,4
928,nao,feminino,33,4,1,5,4
929,nao,feminino,34,4,3,1,2
930,nao,feminino,34,4,3,3,3
931,nao,feminino,34,4,1,3,1
932,nao,feminino,34,3,5,1,3
933,nao,feminino,34,4,4,3,3
934,nao,feminino,34,2,3,3,3
935,nao,feminino,34,3,2,3,3
936,nao,feminino,34,5,1,4,2
937,nao,feminino,35,4,3,4,2
938,nao,feminino,34,4,1,3,1
939,nao,feminino,34,2,3,3,1
940,nao,feminino,32,1,3,1,4
941,nao,masculino,34,3,2,4,2
942,nao,feminino,34,4,4,3,3
943,nao,feminino,34,3,5,1,3
944,nao,feminino,34,5,1,4,2
945,nao,feminino,35,3,2,3,3
946,nao,feminino,34,5,1,1,3
947,nao,masculino,34,3,2,4,2
948,nao,feminino,34,4,1,3,3
949,nao,feminino,34,3,2,3,3
950,nao,feminino,30,4,3,5,4
951,nao,masculino,34,5,1,3,3
952,nao,feminino,32,4,3,3,5
953,nao,feminino,35,4,3,4,2
954,nao,feminino,34,2,3,3,3
955,nao,masculino,34,1,4,2,3
956,nao,feminino,34,3,5,1,3
957,nao,masculino,34,1,1,4,1
958,nao,feminino,30,4,3,5,4
959,nao,feminino,34,5,1,1,3
960,nao,feminino,34,4,4,1,4
961,nao,feminino,34,3,2,3,3
962,nao,feminino,31,3,1,2,3
963,nao,feminino,32,1,3,1,4
964,nao,feminino,34,4,3,5,1
965,nao,feminino,34,3,2,3,3
966,nao,feminino,34,4,3,5,1
967,nao,feminino,34,3,2,3,3
968,nao,feminino,34,3,2,3,3
969,nao,masculino,34,2,2,3,3
970,nao,feminino,30,4,3,5,4
971,nao,feminino,34,4,3,5,1
972,nao,feminino,34,1,5,3,3
973,nao,feminino,34,2,3,3,1
974,nao,feminino,34,3,2,5,4
975,nao,feminino,34,3,2,3,3
976,nao,feminino,34,2,2,1,1
977,nao,feminino,34,4,4,3,3
978,nao,feminino,34,3,2,3,3
979,nao,feminino,34,4,3,3,3
980,nao,feminino,32,1,3,1,4
981,nao,feminino,35,2,3,1,4
982,nao,feminino,34,5,1,1,3
983,nao,feminino,34,4,3,3,3
984,nao,feminino,34,3,5,1,3
985,nao,feminino,34,4,1,1,2
986,nao,feminino,34,3,2,1,4
987,nao,feminino,34,4,1,3,3
988,nao,masculino,34,3,2,4,2
989,nao,feminino,34,2,2,1,1
990,nao,feminino,35,3,2,3,3
991,nao,feminino,34,3,2,3,3
992,nao,feminino,34,4,1,1,2
993,nao,feminino,34,3,2,1,4
994,nao,feminino,34,1,5,3,3
995,nao,feminino,34,3,2,3,3
996,nao,feminino,34,2,3,3,3
997,nao,feminino,34,3,2,3,3
998,nao,feminino,34,3,2,3,3
999,nao,feminino,34,4,3,5,1
1000,nao,feminino,34,3,2,3,3
1001,nao,feminino,34,5,1,4,2
1002,nao,feminino,34,4,1,1,2
1003,nao,feminino,34,2,4,3,5
1004,nao,feminino,34,4,4,3,3
1005,nao,feminino,29,4,1,3,3
1006,nao,feminino,34,4,3,1,4
1007,nao,feminino,34,3,2,3,3
1008,nao,feminino,34,1,5,3,3
1009,nao,feminino,34,4,3,1,2
1010,nao,feminino,32,4,3,3,5
1011,nao,feminino,34,4,1,1,2
1012,nao,feminino,34,2,2,1,1
1013,nao,feminino,34,4,3,5,1
1014,nao,feminino,29,4,1,3,3
1015,nao,feminino,34,4,3,1,4
1016,nao,masculino,34,2,2,3,3
1017,nao,feminino,34,5,1,1,3
1018,nao,feminino,34,4,3,1,4
1019,nao,feminino,34,4,3,1,4
1020,nao,feminino,34,3,2,5,4
1021,nao,feminino,34,4,3,5,1
1022,nao,feminino,34,3,2,3,3
1023,nao,feminino,34,1,5,3,3
1024,nao,feminino,34,3,2,3,3
1025,nao,feminino,34,4,4,1,4
1026,nao,feminino,34,3,2,3,3
1027,nao,feminino,34,2,4,1,4
1028,nao,feminino,31,4,3,1,3
1029,nao,masculino,34,2,2,3,3
1030,nao,masculino,34,1,1,4,1
1031,nao,feminino,34,4,3,1,2
1032,nao,feminino,34,2,3,3,1
1033,nao,feminino,34,4,1,3,3
1034,nao,feminino,34,4,3,1,4
1035,nao,feminino,35,3,2,3,3
1036,nao,feminino,32,1,3,1,4
1037,nao,feminino,34,2,3,3,3
1038,nao,feminino,34,4,3,5,1
1039,nao,feminino,34,3,2,3,3
1040,nao,masculino,34,2,2,3,3
1041,nao,feminino,34,5,1,4,2
1042,nao,feminino,34,3,2,3,3
1043,nao,feminino,34,4,3,3,3
1044,nao,feminino,35,3,2,3,3
1045,nao,feminino,34,2,3,3,3
1046,nao,feminino,34,3,2,1,4
1047,nao,masculino,34,1,1,4,1
1048,nao,feminino,34,5,1,4,2
1049,nao,masculino,34,1,1,4,1
1050,nao,feminino,34,4,3,3,3
1051,nao,feminino,34,3,5,1,3
1052,nao,feminino,34,3,5,1,3
1053,nao,feminino,32,1,3,1,4
1054,nao,feminino,34,3,2,1,4
1055,nao,feminino,34,3,2,5,4
1056,nao,feminino,34,3,2,3,3
1057,nao,feminino,34,3,2,3,3
1058,nao,feminino,34,3,2,3,3
1059,nao,feminino,34,5,1,1,3
1060,nao,feminino,33,4,1,5,4
1061,nao,feminino,35,2,3,1,4
1062,nao,feminino,32,4,3,3,5
1063,nao,feminino,34,4,4,3,3
1064,nao,feminino,34,4,3,1,4
1065,nao,masculino,34,1,1,4,1
1066,nao,feminino,35,2,3,1,4
1067,nao,feminino,35,3,2,3,3
1068,nao,feminino,34,2,4,3,5
1069,nao,feminino,34,4,4,3,3
1070,nao,feminino,34,4,3,3,3
1071,nao,feminino,34,2,3,3,3
1072,nao,feminino,34,3,2,1,4
1073,nao,feminino,29,4,1,3,3
1074,nao,feminino,31,3,1,2,3
1075,nao,feminino,34,2,4,1,4
1076,nao,feminino,31,3,1,2,3
1077,nao,feminino,34,3,2,3,3
1078,nao,feminino,34,4,1,3,1
1079,nao,feminino,34,3,2,1,4
1080,nao,feminino,34,4,3,3,3
1081,nao,masculino,34,3,2,4,2
1082,nao,feminino,34,2,3,3,1
1083,nao,feminino,34,5,1,4,2
1084,nao,masculino,34,2,2,3,3
1085,nao,masculino,34,1,4,2,3
1086,nao,feminino,34,2,2,1,1
1087,nao,feminino,34,4,1,3,1
1088,nao,masculino,34,2,2,3,3
1089,nao,feminino,34,4,4,1,4
1090,nao,feminino,35,3,2,3,3
1091,nao,feminino,34,1,5,3,3
1092,nao,feminino,34,4,3,1,4
1093,nao,feminino,34,2,3,3,3
1094,nao,feminino,34,3,2,3,3
1095,nao,feminino,34,4,3,1,4
1096,nao,masculino,34,1,4,2,3
1097,nao,feminino,34,4,3,3,3
1098,nao,feminino,34,2,4,3,5
1099,nao,feminino,34,4,3,1,4
1100,nao,feminino,34,4,3,3,3
1101,nao,feminino,34,1,5,3,3
1102,nao,feminino,29,4,1,3,3
1103,nao,feminino,34,4,3,1,4
1104,nao,feminino,34,4,1,1,2
1105,nao,masculino,34,1,1,4,1
1106,nao,masculino,34,1,1,4,1
1107,nao,masculino,34,1,1,4,1
1108,nao,feminino,34,2,4,3,5
1109,nao,feminino,33,4,1,5,4
1110,nao,masculino,34,1,4,2,3
1111,nao,feminino,30,4,3,5,4
1112,nao,feminino,35,2,3,1,4
1113,nao,feminino,34,2,3,3,3
1114,nao,feminino,31,4,3,1,3
1115,nao,feminino,31,2,3,3,3
1116,nao,feminino,34,3,2,3,3
1117,nao,feminino,34,4,1,1,2
1118,nao,feminino,34,3,2,3,3
1119,nao,feminino,34,4,4,3,3
1120,nao,feminino,34,4,4,3,3
1121,nao,feminino,34,2,4,1,4
1122,nao,feminino,34,4,1,3,1
1123,nao,feminino,34,4,4,3,3
1124,nao,feminino,34,3,5,1,3
1125,nao,feminino,34,2,3,3,3
1126,nao,feminino,34,2,4,3,5
1127,nao,feminino,34,2,4,1,4
1128,nao,feminino,34,3,2,3,3
1129,nao,feminino,34,1,5,3,3
1130,nao,feminino,34,3,2,5,4
1131,nao,masculino,34,2,2,3,3
1132,nao,feminino,34,2,3,3,1
1133,nao,feminino,34,5,1,1,3
1134,nao,feminino,34,1,5,3,3
1135,nao,feminino,34,4,1,3,3
1136,nao,feminino,32,4,3,3,5
1137,nao,masculino,34,2,2,3,3
1138,nao,feminino,34,4,1,1,2
1139,nao,feminino,34,2,4,1,4
1140,nao,feminino,34,3,5,1,3
1141,nao,feminino,34,3,2,1,4
1142,nao,feminino,34,3,2,1,4
1143,nao,feminino,34,4,3,1,4
1144,nao,feminino,34,3,2,5,4
1145,nao,feminino,34,3,2,3,3
1146,nao,feminino,34,4,3,1,4
1147,nao,feminino,34,3,2,3,3
1148,nao,feminino,35,3,2,3,3
1149,nao,feminino,31,3,1,2,3
1150,nao,feminino,31,2,3,3,3
1151,nao,feminino,34,4,4,3,3
1152,nao,feminino,34,4,4,1,4
1153,nao,feminino,35,3,2,3,3
1154,nao,feminino,34,4,3,3,3
1155,nao,feminino,34,1,5,3,3
1156,nao,feminino,34,2,2,1,1
1157,nao,feminino,35,3,2,3,3
1158,nao,feminino,34,3,2,3,3
1159,nao,feminino,34,4,1,3,1
1160,nao,feminino,35,4,3,4,2
1161,nao,feminino,34,3,2,5,4
1162,nao,feminino,31,4,3,1,3
1163,nao,feminino,34,4,1,3,1
1164,nao,feminino,34,3,2,3,3
1165,nao,feminino,31,3,1,2,3
1166,nao,feminino,34,2,4,3,5
1167,nao,feminino,34,4,1,3,3
1168,nao,feminino,35,4,3,4,2
1169,nao,masculino,34,1,1,4,1
1170,nao,feminino,32,4,3,3,5
1171,nao,feminino,30,4,3,5,4
1172,nao,feminino,34,3,2,5,4
1173,nao,feminino,34,4,3,3,3
1174,nao,feminino,31,4,3,1,3
1175,nao,feminino,34,3,2,3,3
1176,nao,feminino,34,2,2,1,1
1177,nao,feminino,34,4,3,1,4
1178,nao,feminino,34,5,1,1,3
1179,nao,feminino,30,4,3,5,4
1180,nao,feminino,34,5,1,1,3
1181,nao,feminino,34,5,1,1,3
1182,nao,feminino,34,3,2,3,3
1183,nao,feminino,34,4,1,3,3
1184,nao,masculino,34,1,4,2,3
1185,nao,feminino,29,4,1,3,3
1186,nao,feminino,34,2,4,3,5
1187,nao,feminino,34,4,4,3,3
1188,nao,masculino,34,2,2,3,3
1189,nao,feminino,31,4,3,1,3
1190,nao,masculino,34,1,1,4,1
1191,nao,feminino,34,4,3,5,1
1192,nao,feminino,34,1,5,3,3
1193,nao,feminino,34,4,3,1,4
1194,nao,feminino,34,3,2,3,3
1195,nao,feminino,34,3,2,1,4
1196,nao,feminino,34,4,4,3,3
1197,nao,feminino,34,4,1,3,1
1198,nao,feminino,31,4,3,1,3
1199,nao,feminino,32,4,3,3,5
1200,nao,feminino,34,3,2,3,3
1201,nao,masculino,34,1,4,2,3
1202,nao,feminino,34,3,2,1,4
1203,nao,feminino,31,4,3,1,3
1204,nao,feminino,34,2,3,3,1
1205,nao,feminino,34,5,1,1,3
1206,nao,feminino,34,5,1,4,2
1207,nao,feminino,30,4,3,5,4
1208,nao,feminino,34,4,4,3,3
1209,nao,feminino,31,3,1,2,3
1210,nao,feminino,34,3,2,3,3
1211,nao,feminino,34,2,3,3,3
1212,nao,feminino,34,4,3,1,4
1213,nao,feminino,34,2,4,1,4
1214,nao,feminino,31,4,3,1,3
1215,nao,feminino,34,3,2,5,4
1216,nao,feminino,34,3,2,1,4
1217,nao,feminino,34,4,3,5,1
1218,nao,feminino,34,4,3,1,2
1219,nao,feminino,34,2,3,3,1
1220,nao,feminino,35,3,2,3,3
1221,nao,feminino,32,1,3,1,4
1222,nao,feminino,34,2,4,3,5
1223,nao,feminino,34,2,4,1,4
1224,nao,feminino,30,4,3,5,4
1225,nao,feminino,34,4,1,3,3
1226,nao,feminino,34,3,2,3,3
1227,nao,feminino,34,3,2,3,3
1228,nao,feminino,34,3,2,3,3
1229,nao,feminino,34,5,1,4,2
1230,nao,feminino,32,1,3,1,4
1231,nao,feminino,33,4,1,5,4
1232,nao,masculino,34,1,1,4,1
1233,nao,masculino,34,1,4,2,3
1234,nao,feminino,34,2,2,1,1
1235,nao,feminino,34,4,3,3,3
1236,nao,feminino,34,2,3,3,1
1237,nao,masculino,34,5,1,3,3
1238,nao,feminino,34,2,3,3,3
1239,nao,feminino,34,5,1,1,3
1240,nao,feminino,34,4,3,1,4
1241,nao,feminino,35,3,2,3,3
1242,nao,masculino,34,5,1,3,3
1243,nao,feminino,34,4,3,3,3
1244,nao,feminino,34,3,5,1,3
1245,nao,masculino,34,3,2,4,2
1246,nao,feminino,34,2,4,1,4
1247,nao,feminino,34,4,3,5,1
1248,nao,feminino,34,2,3,3,1
1249,nao,feminino,34,3,2,3,3
1250,nao,feminino,35,3,2,3,3
1251,nao,feminino,32,4,3,3,5
1252,nao,feminino,34,5,1,4,2
1253,nao,feminino,33,4,1,5,4
1254,nao,feminino,34,2,2,1,1
1255,nao,feminino,34,4,4,3,3
1256,nao,feminino,34,3,5,1,3
1257,nao,feminino,34,2,3,3,1
1258,nao,feminino,34,4,4,3,3
1259,nao,feminino,34,3,2,3,3
1260,nao,feminino,34,4,4,3,3
1261,nao,feminino,33,4,1,5,4
1262,nao,feminino,34,2,2,1,1
1263,nao,feminino,35,3,2,3,3
1264,nao,feminino,35,3,2,3,3
1265,nao,feminino,34,2,4,3,5
1266,nao,feminino,34,2,4,1,4
1267,nao,feminino,34,4,4,3,3
1268,nao,feminino,30,4,3,5,4
1269,nao,feminino,34,4,4,1,4
1270,nao,feminino,34,4,1,3,3
1271,nao,feminino,32,1,3,1,4
1272,nao,feminino,34,5,1,1,3
1273,nao,feminino,34,4,3,1,4
1274,nao,feminino,34,3,2,3,3
1275,nao,masculino,34,2,2,3,3
1276,nao,feminino,34,4,4,3,3
1277,nao,feminino,31,3,1,2,3
1278,nao,feminino,34,4,4,3,3
1279,nao,feminino,34,2,3,3,3
1280,nao,feminino,34,2,3,3,1
1281,nao,feminino,34,3,2,3,3
1282,nao,feminino,35,2,3,1,4
1283,nao,feminino,34,3,2,5,4
1284,nao,feminino,34,4,3,3,3
1285,nao,feminino,34,4,3,5,1
1286,nao,feminino,35,2,3,1,4
1287,nao,feminino,34,3,5,1,3
1288,nao,feminino,34,4,3,1,4
1289,nao,feminino,34,2,4,3,5
1290,nao,feminino,34,4,3,5,1
1291,nao,feminino,34,4,4,3,3
1292,nao,feminino,35,4,3,4,2
1293,nao,feminino,34,4,3,3,3
1294,nao,feminino,34,4,3,3,3
1295,nao,feminino,34,4,3,1,4
1296,nao,feminino,30,4,3,5,4
1297,nao,feminino,34,4,3,3,3
1298,nao,feminino,32,1,3,1,4
1299,nao,feminino,34,3,2,3,3
1300,nao,feminino,34,3,2,5,4
1301,nao,feminino,31,2,3,3,3
1302,nao,feminino,34,3,2,3,3
1303,nao,feminino,34,4,3,1,4
1304,nao,feminino,34,4,3,1,2
1305,nao,feminino,34,3,2,1,4
1306,nao,feminino,34,2,4,3,5
1307,nao,feminino,34,4,1,3,3
1308,nao,feminino,34,3,2,3,3
1309,nao,masculino,34,1,4,2,3
1310,nao,feminino,34,2,3,3,1
1311,nao,feminino,31,2,3,3,3
1312,nao,masculino,34,1,1,4,1
1313,nao,feminino,34,2,4,3,5
1314,nao,masculino,34,2,2,3,3
1315,nao,feminino,34,5,1,1,3
1316,nao,masculino,34,1,4,2,3
1317,nao,feminino,35,3,2,3,3
1318,nao,feminino,34,3,2,3,3
1319,nao,feminino,34,2,4,1,4
1320,nao,feminino,35,2,3,1,4
1321,sim,feminino,34,2,5,2,3
1322,sim,feminino,42,4,4,3,3
1323,sim,feminino,35,4,4,4,2
1324,sim,feminino,34,5,4,3,5
1325,sim,masculino,34,3,5,3,1
1326,sim,feminino,35,3,5,5,4
1327,sim,masculino,34,4,4,3,5
1328,sim,feminino,36,4,4,5,4
1329,sim,masculino,34,4,4,3,3
1330,sim,feminino,34,3,5,5,4
1331,sim,feminino,34,4,4,5,4
1332,sim,feminino,34,4,4,5,4
1333,sim,feminino,34,4,5,4,2
1334,sim,feminino,34,4,3,3,3
1335,sim,masculino,34,4,4,3,3
1336,sim,feminino,34,5,3,4,2
1337,sim,feminino,34,4,4,5,4
1338,sim,feminino,42,4,4,3,3
1339,sim,feminino,35,3,5,5,4
1340,sim,feminino,34,4,4,5,4
1341,sim,masculino,34,4,4,5,4
1342,sim,masculino,35,4,4,5,4
1343,sim,feminino,34,4,3,3,3
1344,sim,masculino,34,4,4,3,3
1345,sim,masculino,34,3,2,3,5
1346,sim,masculino,37,3,3,3,5
1347,sim,feminino,35,3,4,5,4
1348,sim,masculino,34,3,4,5,4
1349,sim,masculino,34,4,4,3,5
1350,sim,feminino,35,3,4,5,4
1351,sim,masculino,34,5,4,5,4
1352,sim,masculino,34,3,5,3,1
1353,sim,feminino,35,4,4,5,4
1354,sim,feminino,42,4,4,3,3
1355,sim,feminino,34,4,4,5,4
1356,sim,feminino,34,4,4,5,4
1357,sim,feminino,34,5,5,3,5
1358,sim,feminino,34,4,4,3,3
1359,sim,feminino,35,3,4,5,4
1360,sim,feminino,35,4,4,3,3
1361,sim,masculino,34,4,4,3,5
1362,sim,masculino,34,3,5,3,1
1363,sim,masculino,36,4,4,5,4
1364,sim,masculino,34,3,2,3,5
1365,sim,feminino,39,3,4,3,3
1366,sim,feminino,35,4,4,5,4
1367,sim,masculino,34,3,5,3,1
1368,sim,masculino,34,3,4,5,4
1369,sim,feminino,34,1,3,5,4
1370,sim,feminino,34,3,5,3,3
1371,sim,feminino,34,3,2,3,3
1372,sim,feminino,34,1,3,5,4
1373,sim,feminino,35,4,4,4,2
1374,sim,feminino,34,3,5,5,4
1375,sim,feminino,34,4,4,5,4
1376,sim,feminino,34,4,4,3,3
1377,sim,feminino,35,3,4,3,3
1378,sim,masculino,34,4,4,5,4
1379,sim,feminino,35,4,4,3,3
1380,sim,feminino,34,5,5,3,5
1381,sim,masculino,34,4,4,5,4
1382,sim,feminino,34,4,4,3,3
1383,sim,feminino,34,1,3,5,4
1384,sim,feminino,36,4,4,5,4
1385,sim,feminino,35,4,5,3,5
1386,sim,masculino,34,3,4,5,4
1387,sim,feminino,34,5,3,4,2
1388,sim,feminino,34,4,4,3,5
1389,sim,feminino,34,4,5,4,2
1390,sim,feminino,34,3,5,5,4
1391,sim,feminino,35,4,4,3,3
1392,sim,feminino,34,4,4,3,3
1393,sim,feminino,34,5,4,3,5
1394,sim,feminino,35,4,4,5,4
1395,sim,masculino,34,3,5,3,1
1396,sim,feminino,34,5,4,3,5
1397,sim,feminino,35,4,4,4,2
1398,sim,feminino,42,4,4,3,3
1399,sim,feminino,35,4,5,3,5
1400,sim,masculino,36,4,4,3,3
1401,sim,feminino,35,4,4,3,3
1402,sim,feminino,34,3,2,3,3
1403,sim,feminino,35,4,5,4,2
1404,sim,masculino,34,4,4,5,4
1405,sim,feminino,34,5,5,3,5
1406,sim,feminino,35,4,4,3,3
1407,sim,masculino,37,3,3,3,5
1408,sim,feminino,34,3,5,3,3
1409,sim,masculino,34,4,4,3,3
1410,sim,feminino,34,3,5,5,4
1411,sim,feminino,39,3,4,3,3
1412,sim,feminino,35,3,4,5,4
1413,sim,masculino,34,4,4,3,3
1414,sim,masculino,34,4,4,1,3
1415,sim,feminino,34,4,4,5,4
1416,sim,masculino,37,3,3,3,5
1417,sim,masculino,34,4,4,3,5
1418,sim,feminino,35,4,5,4,2
1419,sim,feminino,34,5,5,3,5
1420,sim,feminino,34,3,5,3,3
1421,sim,feminino,35,4,4,5,4
1422,sim,masculino,37,3,3,3,5
1423,sim,feminino,34,4,4,5,4
1424,sim,feminino,34,1,3,5,4
1425,sim,feminino,35,4,4,3,3
1426,sim,feminino,34,4,1,3,3
1427,sim,feminino,34,3,5,5,4
1428,sim,feminino,34,3,5,5,4
1429,sim,feminino,34,4,4,3,3
1430,sim,feminino,34,4,4,3,5
1431,sim,masculino,34,4,4,5,4
1432,sim,masculino,36,4,4,5,4
1433,sim,feminino,34,4,3,3,3
1434,sim,feminino,35,4,5,4,2
1435,sim,feminino,34,2,2,3,3
1436,sim,feminino,42,4,4,3,3
1437,sim,masculino,34,4,4,3,5
1438,sim,feminino,34,4,4,5,4
1439,sim,feminino,34,4,4,3,5
1440,sim,feminino,34,4,3,3,3
1441,sim,feminino,34,5,5,3,5
1442,sim,feminino,35,4,4,3,3
1443,sim,masculino,34,5,4,5,4
1444,sim,feminino,35,4,4,3,3
1445,sim,feminino,34,3,5,5,4
1446,sim,masculino,34,5,4,5,4
1447,sim,feminino,34,4,4,5,4
1448,sim,feminino,34,4,4,3,3
1449,sim,feminino,41,4,4,3,5
1450,sim,feminino,41,4,4,3,5
1451,sim,feminino,34,3,5,5,4
1452,sim,feminino,35,4,4,3,3
1453,sim,feminino,34,4,1,3,3
1454,sim,feminino,35,3,4,3,3
1455,sim,feminino,34,4,4,5,4
1456,sim,feminino,35,4,4,3,3
1457,sim,feminino,34,4,4,5,4
1458,sim,feminino,35,4,4,4,2
1459,sim,feminino,35,3,4,5,4
1460,sim,feminino,35,4,4,3,3
1461,sim,feminino,35,4,4,5,4
1462,sim,masculino,34,4,4,3,5
1463,sim,masculino,34,4,4,3,3
1464,sim,feminino,34,3,5,3,3
1465,sim,feminino,34,4,5,4,2
1466,sim,feminino,34,1,3,5,4
1467,sim,feminino,34,4,4,5,4
1468,sim,masculino,34,4,4,5,4
1469,sim,feminino,34,4,4,3,5
1470,sim,feminino,35,4,4,4,2
1471,sim,feminino,35,4,5,3,5
1472,sim,feminino,34,4,5,3,3
1473,sim,masculino,34,3,2,3,5
1474,sim,feminino,35,4,4,3,3
1475,sim,masculino,34,4,4,3,5
1476,sim,masculino,34,4,4,3,3
1477,sim,feminino,34,2,5,2,3
1478,sim,feminino,39,3,4,3,3
1479,sim,masculino,35,4,4,5,4
1480,sim,feminino,34,3,5,5,4
1481,sim,feminino,34,3,5,5,4
1482,sim,masculino,35,4,4,5,4
1483,sim,masculino,36,4,4,5,4
1484,sim,feminino,34,3,5,5,4
1485,sim,feminino,34,3,5,3,3
1486,sim,feminino,34,4,1,3,3
1487,sim,masculino,34,4,4,5,4
1488,sim,feminino,39,3,4,3,3
1489,sim,masculino,34,3,5,3,1
1490,sim,feminino,35,4,4,5,4
1491,sim,feminino,34,4,4,3,3
1492,sim,feminino,34,4,4,3,3
1493,sim,feminino,34,4,4,5,4
1494,sim,feminino,35,4,4,5,4
1495,sim,feminino,41,4,4,3,5
1496,sim,feminino,35,4,5,4,2
1497,sim,feminino,42,4,4,3,3
1498,sim,feminino,34,4,4,5,4
1499,sim,masculino,34,4,4,5,4
1500,sim,feminino,34,1,3,5,4
1501,sim,feminino,35,3,4,5,4
1502,sim,feminino,34,4,1,3,3
1503,sim,feminino,35,4,4,4,2
1504,sim,feminino,34,2,2,3,3
1505,sim,feminino,34,5,5,5,4
1506,sim,feminino,34,4,4,5,5
1507,sim,feminino,34,4,5,3,3
1508,sim,masculino,34,3,4,5,4
1509,sim,masculino,34,4,4,3,3
1510,sim,masculino,34,5,4,5,4
1511,sim,feminino,35,3,4,3,3
1512,sim,masculino,34,4,4,3,3
1513,sim,feminino,34,4,4,5,4
1514,sim,masculino,34,4,4,5,4
1515,sim,feminino,34,4,3,3,3
1516,sim,feminino,34,4,1,3,3
1517,sim,feminino,34,4,3,3,3
1518,sim,feminino,34,2,5,2,3
1519,sim,feminino,35,4,4,5,4
1520,sim,feminino,35,4,4,3,3
1521,sim,feminino,34,4,3,3,3
1522,sim,feminino,34,5,5,5,4
1523,sim,feminino,34,4,4,5,4
1524,sim,feminino,34,4,4,3,3
1525,sim,feminino,41,4,4,3,5
1526,sim,masculino,34,3,2,3,5
1527,sim,feminino,36,4,4,5,4
1528,sim,feminino,34,3,5,5,4
1529,sim,feminino,34,2,5,2,3
1530,sim,feminino,34,3,5,5,4
1531,sim,feminino,35,4,4,3,3
1532,sim,masculino,34,4,4,3,5
1533,sim,feminino,34,3,5,5,4
1534,sim,feminino,34,2,2,3,3
1535,sim,feminino,34,5,5,5,4
1536,sim,feminino,34,2,5,2,3
1537,sim,masculino,37,3,3,3,5
1538,sim,feminino,34,3,5,5,4
1539,sim,feminino,34,4,4,5,4
1540,sim,feminino,34,4,4,5,4
1541,sim,feminino,34,4,3,3,3
1542,sim,feminino,34,4,5,4,2
1543,sim,masculino,34,4,4,3,3
1544,sim,feminino,34,4,4,3,5
1545,sim,feminino,34,4,1,3,3
1546,sim,feminino,34,3,2,3,3
1547,sim,feminino,41,4,4,3,5
1548,sim,masculino,34,3,2,3,5
1549,sim,masculino,34,4,4,3,5
1550,sim,feminino,34,3,5,5,4
1551,sim,feminino,42,4,4,3,3
1552,sim,feminino,34,5,5,3,5
1553,sim,feminino,34,3,5,5,4
1554,sim,feminino,34,1,3,5,4
1555,sim,masculino,34,4,4,1,3
1556,sim,feminino,35,3,4,5,4
1557,sim,masculino,34,5,4,5,4
1558,sim,feminino,35,4,4,5,4
1559,sim,feminino,34,2,2,3,3
1560,sim,masculino,34,3,5,3,1
1561,sim,masculino,34,4,4,1,3
1562,sim,feminino,34,4,4,3,3
1563,sim,feminino,34,4,4,3,3
1564,sim,feminino,34,4,4,5,4
1565,sim,feminino,34,4,4,5,4
1566,sim,masculino,37,3,3,3,5
1567,sim,feminino,34,4,4,5,5
1568,sim,feminino,39,3,4,3,3
1569,sim,feminino,34,3,5,5,4
1570,sim,feminino,34,4,4,3,5
1571,sim,feminino,34,4,1,3,3
1572,sim,masculino,34,3,2,3,5
1573,sim,feminino,35,4,4,4,2
1574,sim,feminino,35,4,4,3,3
1575,sim,feminino,35,3,4,3,3
1576,sim,feminino,34,4,4,3,3
1577,sim,masculino,34,3,4,5,4
1578,sim,masculino,34,3,4,5,4
1579,sim,feminino,42,4,4,3,3
1580,sim,masculino,34,4,4,5,4
1581,sim,masculino,34,4,4,5,4
1582,sim,masculino,34,4,4,1,3
1583,sim,masculino,34,3,5,3,1
1584,sim,masculino,36,4,4,5,4
1585,sim,feminino,34,5,5,3,5
1586,sim,feminino,34,3,5,5,4
1587,sim,feminino,34,4,5,4,2
1588,sim,feminino,34,4,5,4,2
1589,sim,masculino,36,4,4,5,4
1590,sim,feminino,34,5,5,3,5
1591,sim,feminino,34,3,5,5,4
1592,sim,feminino,34,4,4,3,3
1593,sim,feminino,34,4,4,5,4
1594,sim,feminino,34,4,5,3,3
1595,sim,feminino,35,3,4,5,4
1596,sim,feminino,34,4,4,5,4
1597,sim,feminino,34,1,3,5,4
1598,sim,masculino,34,3,2,3,5
1599,sim,feminino,34,4,4,3,3
1600,sim,feminino,35,3,4,5,4
1601,sim,masculino,34,4,4,3,5
1602,sim,feminino,34,4,4,5,4
1603,sim,feminino,34,4,4,5,4
1604,sim,feminino,34,4,4,5,4
1605,sim,masculino,34,4,4,3,5
1606,sim,masculino,34,3,4,5,4
1607,sim,feminino,35,4,4,5,4
1608,sim,masculino,34,4,4,5,4
1609,sim,masculino,34,3,5,3,1
1610,sim,masculino,36,4,4,5,4
1611,sim,feminino,34,4,4,3,3
1612,sim,feminino,34,3,2,3,3
1613,sim,feminino,34,5,5,3,5
1614,sim,feminino,41,4,4,3,5
1615,sim,feminino,34,4,4,5,4
1616,sim,feminino,35,4,5,4,2
1617,sim,feminino,34,4,5,3,3
1618,sim,feminino,34,4,4,5,4
1619,sim,feminino,34,5,3,4,2
1620,sim,masculino,34,4,4,5,4
1621,sim,feminino,34,3,5,5,4
1622,sim,feminino,35,4,5,3,5
1623,sim,masculino,34,4,4,5,4
1624,sim,feminino,34,4,4,5,4
1625,sim,feminino,34,5,5,3,5
1626,sim,feminino,34,5,4,3,5
1627,sim,masculino,34,4,4,3,5
1628,sim,feminino,35,3,4,5,4
1629,sim,feminino,42,4,4,3,3
1630,sim,feminino,35,4,4,4,2
1631,sim,feminino,34,4,4,5,4
1632,sim,masculino,36,4,4,3,3
1633,sim,feminino,34,4,1,3,3
1634,sim,masculino,34,4,4,5,4
1635,sim,feminino,34,3,5,3,3
1636,sim,feminino,34,4,3,3,3
1637,sim,masculino,34,3,4,5,4
1638,sim,feminino,35,4,4,3,3
1639,sim,feminino,34,3,5,5,4
1640,sim,feminino,34,4,1,3,3
1641,sim,feminino,34,2,2,3,3
1642,sim,feminino,34,4,5,4,2
1643,sim,feminino,34,4,4,5,4
1644,sim,masculino,34,3,2,3,5
1645,sim,feminino,35,3,5,5,4
1646,sim,feminino,34,4,4,5,4
1647,sim,feminino,41,4,4,3,5
1648,sim,feminino,34,3,5,5,4
1649,sim,feminino,34,5,5,3,5
1650,sim,masculino,34,4,4,5,4
1651,sim,feminino,34,5,3,4,2
1652,sim,feminino,34,4,1,3,3
1653,sim,masculino,35,4,4,5,4
1654,sim,feminino,34,2,2,3,3
1655,sim,feminino,34,4,4,5,5
1656,sim,masculino,34,4,4,5,4
1657,sim,feminino,34,3,5,5,4
1658,sim,masculino,34,4,4,5,4
1659,sim,feminino,35,3,4,5,4
1660,sim,feminino,35,3,5,5,4
1661,sim,feminino,35,4,4,4,2
1662,sim,feminino,35,3,4,5,4
1663,sim,feminino,34,4,4,5,4
1664,sim,feminino,34,5,4,3,5
1665,sim,feminino,34,5,5,5,4
1666,sim,feminino,34,4,4,3,5
1667,sim,masculino,36,4,4,5,4
1668,sim,masculino,34,3,2,3,5
1669,sim,feminino,34,5,5,5,4
1670,sim,masculino,34,5,4,5,4
1671,sim,masculino,34,3,2,3,5
1672,sim,masculino,34,3,5,3,1
1673,sim,masculino,34,4,4,5,4
1674,sim,feminino,42,4,4,3,3
1675,sim,feminino,34,4,1,3,3
1676,sim,feminino,35,3,4,5,4
1677,sim,feminino,35,4,4,3,3
1678,sim,feminino,34,3,5,3,3
1679,sim,feminino,35,4,4,4,2
1680,sim,feminino,34,4,4,5,4
1681,sim,feminino,41,4,4,3,5
1682,sim,feminino,34,5,5,5,4
1683,sim,feminino,35,4,4,4,2
1684,sim,feminino,34,4,4,3,5
1685,sim,feminino,34,2,2,3,3
1686,sim,feminino,34,4,4,5,4
1687,sim,feminino,34,4,4,5,4
1688,sim,feminino,35,3,4,5,4
1689,sim,feminino,34,3,5,5,4
1690,sim,masculino,36,4,4,3,3
1691,sim,feminino,35,4,4,3,3
1692,sim,masculino,34,4,4,1,3
1693,sim,feminino,34,3,5,5,4
1694,sim,feminino,34,4,4,5,5
1695,sim,feminino,35,4,5,3,5
1696,sim,masculino,37,3,3,3,5
1697,sim,feminino,34,4,4,3,3
1698,sim,feminino,35,4,4,5,4
1699,sim,masculino,34,4,4,1,3
1700,sim,feminino,41,4,4,3,5
1701,sim,feminino,35,3,4,5,4
1702,sim,feminino,36,4,4,5,4
1703,sim,feminino,34,4,4,5,4
1704,sim,feminino,34,3,5,3,3
1705,sim,feminino,34,5,5,3,5
1706,sim,masculino,35,4,4,5,4
1707,sim,feminino,34,4,4,5,4
1708,sim,feminino,35,4,4,3,3
1709,sim,feminino,34,5,4,3,5
1710,sim,feminino,34,5,3,4,2
1711,sim,feminino,34,4,1,3,3
1712,sim,feminino,34,1,3,5,4
1713,sim,feminino,35,4,4,5,4
1714,sim,feminino,35,4,4,5,4
1715,sim,masculino,37,3,3,3,5
1716,sim,feminino,35,3,4,5,4
1717,sim,feminino,35,4,4,5,4
1718,sim,masculino,34,4,4,5,4
1719,sim,masculino,36,4,4,3,3
1720,sim,feminino,35,4,4,3,3
1721,sim,feminino,34,5,5,5,4
1722,sim,feminino,35,4,4,3,3
1723,sim,masculino,34,4,4,5,4
1724,sim,feminino,34,4,5,4,2
1725,sim,feminino,36,4,4,5,4
1726,sim,feminino,36,4,4,5,4
1727,sim,feminino,35,4,4,3,3
1728,sim,feminino,34,4,4,5,4
1729,sim,feminino,35,4,4,5,4
1730,sim,feminino,34,3,5,3,3
1731,sim,masculino,34,4,4,5,4
1732,sim,feminino,35,3,4,5,4
1733,sim,feminino,34,4,3,3,3
1734,sim,masculino,36,4,4,5,4
1735,sim,feminino,34,4,4,5,4
1736,sim,feminino,35,4,4,4,2
1737,sim,masculino,36,4,4,5,4
1738,sim,feminino,34,4,4,3,3
1739,sim,feminino,34,5,3,4,2
1740,sim,feminino,34,1,3,5,4
1741,sim,feminino,34,4,4,5,4
1742,sim,masculino,36,4,4,5,4
1743,sim,feminino,34,5,5,3,5
1744,sim,feminino,34,4,4,5,4
1745,sim,feminino,35,4,5,4,2
1746,sim,masculino,35,4,4,5,4
1747,sim,feminino,34,3,2,3,3
1748,sim,masculino,34,4,4,1,3
1749,sim,feminino,34,2,5,2,3
1750,sim,feminino,34,4,4,5,5
1751,sim,feminino,34,5,3,4,2
1752,sim,masculino,34,4,4,5,4
1753,sim,masculino,37,3,3,3,5
1754,sim,feminino,34,3,5,3,3
1755,sim,feminino,34,3,5,5,4
1756,sim,masculino,34,4,4,5,4
1757,sim,masculino,34,3,4,5,4
1758,sim,masculino,34,4,4,5,4
1759,sim,feminino,34,2,2,3,3
1760,sim,feminino,35,4,5,3,5
1761,sim,masculino,34,4,4,5,4
1762,sim,feminino,35,4,4,3,3
1763,sim,masculino,34,4,4,3,5
1764,sim,masculino,34,5,4,5,4
1765,sim,feminino,34,4,4,5,4
1766,sim,feminino,34,2,5,2,3
1767,sim,feminino,34,3,2,3,3
1768,sim,feminino,34,4,4,5,4
1769,sim,feminino,34,1,3,5,4
1770,sim,feminino,35,4,5,3,5
1771,sim,feminino,36,4,4,5,4
1772,sim,feminino,34,1,3,5,4
1773,sim,feminino,35,3,5,5,4
1774,sim,feminino,34,4,4,5,4
1775,sim,feminino,39,3,4,3,3
1776,sim,feminino,35,3,4,3,3
1777,sim,feminino,35,4,5,3,5
1778,sim,feminino,34,5,4,3,5
1779,sim,feminino,35,4,4,4,2
1780,sim,feminino,34,2,5,2,3
1781,sim,masculino,36,4,4,3,3
1782,sim,masculino,37,3,3,3,5
1783,sim,masculino,34,4,4,3,5
1784,sim,feminino,35,4,4,5,4
1785,sim,feminino,34,5,5,3,5
1786,sim,feminino,34,4,4,5,4
1787,sim,feminino,34,4,4,5,4
1788,sim,feminino,35,4,4,4,2
1789,sim,feminino,34,3,2,3,3
1790,sim,feminino,35,4,5,3,5
1791,sim,feminino,35,4,4,3,3
1792,sim,feminino,34,5,5,5,4
1793,sim,feminino,34,2,5,2,3
1794,sim,feminino,41,4,4,3,5
1795,sim,feminino,34,3,5,5,4
1796,sim,masculino,34,3,5,3,1
1797,sim,feminino,34,2,5,2,3
1798,sim,feminino,34,3,5,3,3
1799,sim,feminino,39,3,4,3,3
1800,sim,feminino,35,3,4,3,3
1801,sim,feminino,34,3,5,5,4
1802,sim,feminino,34,4,4,5,5
1803,sim,feminino,35,4,5,4,2
1804,sim,feminino,42,4,4,3,3
1805,sim,masculino,34,4,4,1,3
1806,sim,feminino,35,3,4,5,4
1807,sim,masculino,34,4,4,5,4
1808,sim,feminino,35,3,4,3,3
1809,sim,masculino,37,3,3,3,5
1810,sim,feminino,35,4,4,3,3
1811,sim,feminino,34,2,5,2,3
1812,sim,feminino,34,3,2,3,3
1813,sim,masculino,36,4,4,5,4
1814,sim,feminino,34,4,4,3,5
1815,sim,masculino,34,4,4,5,4
1816,sim,feminino,35,4,4,3,3
1817,sim,feminino,34,4,5,3,3
1818,sim,masculino,34,4,4,5,4
1819,sim,feminino,39,3,4,3,3
1820,sim,masculino,37,3,3,3,5
1821,sim,feminino,34,3,5,5,4
1822,sim,feminino,34,4,4,5,5
1823,sim,feminino,34,5,3,4,2
1824,sim,masculino,34,4,4,3,3
1825,sim,feminino,34,5,3,4,2
1826,sim,feminino,34,3,5,5,4
1827,sim,masculino,34,4,4,1,3
1828,sim,feminino,34,5,3,4,2
1829,sim,masculino,34,4,4,3,3
1830,sim,feminino,34,4,5,3,3
1831,sim,masculino,35,4,4,5,4
1832,sim,feminino,34,3,5,5,4
1833,sim,feminino,34,4,4,3,3
1834,sim,feminino,34,4,5,3,3
1835,sim,feminino,35,4,4,5,4
1836,sim,masculino,34,4,4,3,5
1837,sim,feminino,34,4,4,5,4
1838,sim,masculino,34,3,2,3,5
1839,sim,feminino,35,3,4,3,3
1840,sim,feminino,39,3,4,3,3
1841,sim,feminino,34,4,4,3,5
1842,sim,feminino,34,4,5,4,2
1843,sim,feminino,35,4,4,5,4
1844,sim,feminino,34,4,4,5,4
1845,sim,masculino,34,5,4,5,4
1846,sim,feminino,34,4,4,5,4
1847,sim,feminino,34,4,5,4,2
1848,sim,masculino,34,4,4,3,5
1849,sim,feminino,34,4,4,5,4
1850,sim,masculino,34,3,2,3,5
1851,sim,masculino,34,4,4,5,4
1852,sim,feminino,34,4,4,3,3
1853,sim,feminino,35,4,4,4,2
1854,sim,feminino,34,4,4,5,5
1855,sim,feminino,35,4,4,3,3
1856,sim,feminino,35,4,5,4,2
1857,sim,masculino,34,3,5,3,1
1858,sim,masculino,34,4,4,3,3
1859,sim,feminino,34,2,5,2,3
1860,sim,feminino,34,4,4,3,3
1861,sim,masculino,34,3,4,5,4
1862,sim,feminino,35,4,4,5,4
1863,sim,feminino,34,3,5,5,4
1864,sim,feminino,34,3,5,5,4
1865,sim,masculino,34,4,4,3,3
1866,sim,masculino,34,3,2,3,5
1867,sim,masculino,34,4,4,3,3
1868,sim,feminino,34,5,5,3,5
1869,sim,feminino,35,3,4,3,3
1870,sim,feminino,34,5,5,3,5
1871,sim,feminino,35,4,5,4,2
1872,sim,feminino,34,4,4,5,4
1873,sim,feminino,34,4,4,5,4
1874,sim,masculino,37,3,3,3,5
1875,sim,feminino,35,4,4,5,4
1876,sim,feminino,35,4,4,4,2
1877,sim,feminino,35,3,4,3,3
1878,sim,feminino,35,3,5,5,4
1879,sim,feminino,34,3,2,3,3
1880,sim,feminino,34,4,5,3,3
1881,sim,masculino,34,4,4,5,4
1882,sim,feminino,34,2,5,2,3
1883,sim,feminino,35,3,4,3,3
1884,sim,masculino,34,4,4,5,4
1885,sim,masculino,34,4,4,5,4
1886,sim,feminino,34,5,5,3,5
1887,sim,feminino,39,3,4,3,3
1888,sim,masculino,36,4,4,3,3
1889,sim,feminino,34,4,3,3,3
1890,sim,feminino,34,4,4,5,5
1891,sim,feminino,35,4,4,3,3
1892,sim,masculino,34,4,4,3,3
1893,sim,masculino,34,3,2,3,5
1894,sim,masculino,34,4,4,5,4
1895,sim,masculino,34,4,4,5,4
1896,sim,masculino,36,4,4,3,3
1897,sim,masculino,34,4,4,1,3
1898,sim,feminino,36,4,4,5,4
1899,sim,feminino,35,3,4,3,3
1900,sim,feminino,34,4,4,5,4
1901,sim,masculino,34,4,4,3,5
1902,sim,feminino,34,4,5,3,3
1903,sim,feminino,34,4,5,4,2
1904,sim,feminino,34,4,4,3,3
1905,sim,feminino,35,4,4,4,2
1906,sim,feminino,34,3,5,5,4
1907,sim,feminino,34,2,2,3,3
1908,sim,feminino,35,3,5,5,4
1909,sim,masculino,34,4,4,1,3
1910,sim,feminino,34,5,5,3,5
1911,sim,masculino,34,4,4,5,4
1912,sim,masculino,36,4,4,5,4
1913,sim,masculino,34,5,4,5,4
1914,sim,feminino,35,3,4,3,3
1915,sim,feminino,42,4,4,3,3
1916,sim,feminino,34,3,5,5,4
1917,sim,feminino,35,3,4,5,4
1918,sim,feminino,34,3,5,5,4
1919,sim,feminino,34,3,5,3,3
1920,sim,feminino,35,4,4,3,3
1921,sim,masculino,37,3,3,3,5
1922,sim,feminino,35,4,5,3,5
1923,sim,feminino,34,4,1,3,3
1924,sim,feminino,34,4,5,4,2
1925,sim,feminino,42,4,4,3,3
1926,sim,feminino,34,5,3,4,2
1927,sim,feminino,34,3,5,5,4
1928,sim,feminino,34,4,5,4,2
1929,sim,masculino,34,3,5,3,1
1930,sim,masculino,36,4,4,5,4
1931,sim,masculino,34,3,2,3,5
1932,sim,masculino,37,3,3,3,5
1933,sim,feminino,34,4,4,3,3
1934,sim,feminino,35,3,4,5,4
1935,sim,feminino,41,4,4,3,5
1936,sim,feminino,34,3,5,5,4
1937,sim,feminino,34,4,4,5,4
1938,sim,masculino,34,4,4,5,4
1939,sim,feminino,34,4,4,5,4
1940,sim,feminino,35,4,4,3,3
1941,sim,feminino,34,4,4,5,4
1942,sim,feminino,34,1,3,5,4
1943,sim,feminino,34,4,5,3,3
1944,sim,feminino,34,3,5,5,4
1945,sim,feminino,34,5,5,3,5
1946,sim,feminino,35,3,4,5,4
1947,sim,masculino,34,3,2,3,5
1948,sim,masculino,34,4,4,3,5
1949,sim,feminino,41,4,4,3,5
1950,sim,feminino,34,4,4,5,4
1951,sim,feminino,34,3,2,3,3
1952,sim,feminino,41,4,4,3,5
1953,sim,feminino,42,4,4,3,3
1954,sim,feminino,34,5,4,3,5
1955,sim,feminino,34,2,2,3,3
1956,sim,masculino,36,4,4,3,3
1957,sim,feminino,35,4,4,3,3
1958,sim,masculino,36,4,4,3,3
1959,sim,feminino,34,4,3,3,3
1960,sim,masculino,37,3,3,3,5
1961,sim,feminino,35,4,5,4,2
1962,sim,feminino,35,4,4,5,4
1963,sim,feminino,34,4,5,3,3
1964,sim,masculino,34,4,4,5,4
1965,sim,feminino,34,3,5,5,4
1966,sim,masculino,34,4,4,3,5
1967,sim,feminino,34,3,5,5,4
1968,sim,feminino,35,4,5,3,5
1969,sim,feminino,35,4,4,5,4
1970,sim,feminino,34,4,4,3,5
1971,sim,masculino,36,4,4,3,3
1972,sim,feminino,34,5,5,5,4
1973,sim,masculino,34,4,4,3,5
1974,sim,feminino,41,4,4,3,5
1975,sim,feminino,34,4,4,5,5
1976,sim,feminino,34,4,4,5,5
1977,sim,feminino,35,4,4,3,3
1978,sim,feminino,34,3,5,5,4
1979,sim,feminino,34,4,4,3,3
1980,sim,feminino,35,3,5,5,4
1981,sim,feminino,34,5,5,3,5
1982,sim,feminino,41,4,4,3,5
1983,sim,feminino,41,4,4,3,5
1984,sim,feminino,34,4,4,5,4
1985,sim,feminino,35,3,4,3,3
1986,sim,feminino,35,4,5,4,2
1987,sim,feminino,35,3,5,5,4
1988,sim,feminino,35,3,5,5,4
1989,sim,feminino,34,4,4,3,3
1990,sim,feminino,34,3,5,5,4
1991,sim,feminino,34,4,4,3,5
1992,sim,feminino,36,4,4,5,4
1993,sim,feminino,34,3,5,5,4
1994,sim,feminino,34,4,4,5,4
1995,sim,feminino,34,4,4,5,5
1996,sim,feminino,34,4,4,5,4
1997,sim,feminino,35,4,5,3,5
1998,sim,masculino,37,3,3,3,5
1999,sim,feminino,34,4,4,5,4
2000,sim,masculino,36,4,4,5,4
2001,sim,masculino,34,4,4,3,5
2002,sim,feminino,34,5,5,3,5
2003,sim,feminino,34,3,5,5,4
2004,sim,feminino,35,3,4,5,4
2005,sim,feminino,34,1,3,5,4
2006,sim,feminino,35,3,4,5,4
2007,sim,feminino,34,4,5,3,3
2008,sim,masculino,36,4,4,3,3
2009,sim,masculino,34,3,4,5,4
2010,sim,feminino,36,4,4,5,4
2011,sim,feminino,35,4,4,4,2
2012,sim,feminino,34,5,4,3,5
2013,sim,feminino,35,4,4,3,3
2014,sim,feminino,34,4,4,3,5
2015,sim,feminino,35,3,4,3,3
2016,sim,masculino,34,5,4,5,4
2017,sim,feminino,34,5,4,3,5
2018,sim,feminino,34,4,4,5,5
2019,sim,feminino,36,4,4,5,4
2020,sim,feminino,34,3,5,5,4
2021,sim,feminino,34,3,5,5,4
2022,sim,feminino,35,4,5,4,2
2023,sim,masculino,34,4,4,3,5
2024,sim,feminino,34,4,4,5,4
2025,sim,feminino,34,4,4,3,3
2026,sim,masculino,34,4,4,1,3
2027,sim,feminino,34,3,5,3,3
2028,sim,feminino,35,3,5,5,4
2029,sim,masculino,34,3,4,5,4
2030,sim,feminino,35,4,5,3,5
2031,sim,masculino,36,4,4,5,4
2032,sim,feminino,35,4,4,3,3
2033,sim,feminino,42,4,4,3,3
2034,sim,feminino,35,3,4,5,4
2035,sim,feminino,34,4,3,3,3
2036,sim,masculino,34,4,4,5,4
2037,sim,feminino,34,2,2,3,3
2038,sim,masculino,34,4,4,5,4
2039,sim,feminino,34,5,5,3,5
2040,sim,masculino,34,3,4,5,4
2041,sim,masculino,35,4,4,5,4
2042,sim,masculino,34,4,4,3,5
2043,sim,feminino,34,2,5,2,3
2044,sim,feminino,35,4,5,3,5
2045,sim,feminino,34,5,4,3,5
2046,sim,feminino,35,4,4,5,4
2047,sim,feminino,34,3,2,3,3
2048,sim,feminino,35,4,4,5,4
2049,sim,feminino,34,5,5,5,4
2050,sim,feminino,35,3,5,5,4
2051,sim,masculino,36,4,4,3,3
2052,sim,feminino,34,3,5,5,4
2053,sim,masculino,34,3,5,3,1
2054,sim,masculino,36,4,4,3,3
2055,sim,feminino,34,4,4,5,4
2056,sim,masculino,35,4,4,5,4
2057,sim,feminino,34,4,4,5,4
2058,sim,feminino,34,5,3,4,2
2059,sim,feminino,35,4,4,5,4
2060,sim,masculino,34,3,5,3,1
2061,sim,feminino,34,4,5,4,2
2062,sim,feminino,34,4,4,3,3
2063,sim,feminino,34,4,4,5,4
2064,sim,feminino,42,4,4,3,3
2065,sim,feminino,35,4,4,5,4
2066,sim,masculino,34,3,4,5,4
2067,sim,feminino,34,5,5,5,4
2068,sim,masculino,37,3,3,3,5
2069,sim,feminino,34,4,1,3,3
2070,sim,feminino,34,4,5,3,3
2071,sim,feminino,34,3,2,3,3
2072,sim,masculino,36,4,4,5,4
2073,sim,feminino,34,4,3,3,3
2074,sim,feminino,35,3,5,5,4
2075,sim,masculino,35,4,4,5,4
2076,sim,feminino,35,3,4,5,4
2077,sim,masculino,34,3,2,3,5
2078,sim,feminino,41,4,4,3,5
2079,sim,feminino,34,5,3,4,2
2080,sim,masculino,34,4,4,5,4
2081,sim,feminino,36,4,4,5,4
2082,sim,masculino,34,4,4,3,3
2083,sim,feminino,34,4,1,3,3
2084,sim,masculino,35,4,4,5,4
2085,sim,masculino,34,4,4,1,3
2086,sim,feminino,35,4,5,4,2
2087,sim,masculino,34,4,4,3,5
2088,sim,feminino,34,3,5,5,4
2089,sim,feminino,35,3,4,3,3
2090,sim,feminino,35,4,5,3,5
2091,sim,feminino,34,3,5,3,3
2092,sim,feminino,34,4,5,3,3
2093,sim,feminino,35,4,4,5,4
2094,sim,feminino,34,4,4,5,4
2095,sim,feminino,36,4,4,5,4
2096,sim,feminino,35,4,5,4,2
2097,sim,feminino,35,3,4,5,4
2098,sim,feminino,34,4,5,4,2
2099,sim,feminino,34,4,4,5,4
2100,sim,masculino,34,5,4,5,4
2101,sim,feminino,34,4,4,5,4
2102,sim,feminino,35,4,4,3,3
2103,sim,masculino,34,4,4,3,3
2104,sim,masculino,35,4,4,5,4
2105,sim,masculino,36,4,4,5,4
2106,sim,masculino,34,4,4,5,4
2107,sim,feminino,34,1,3,5,4
2108,sim,feminino,34,4,4,3,3
2109,sim,feminino,34,3,2,3,3
2110,sim,feminino,34,4,1,3,3
2111,sim,feminino,35,3,4,5,4
2112,sim,masculino,34,4,4,3,5
2113,sim,feminino,34,5,5,5,4
2114,sim,feminino,34,5,3,4,2
2115,sim,feminino,41,4,4,3,5
2116,sim,feminino,35,4,4,5,4
2117,sim,feminino,34,4,4,3,5
2118,sim,masculino,34,3,4,5,4
2119,sim,feminino,34,5,4,3,5
2120,sim,masculino,37,3,3,3,5
2121,sim,masculino,34,4,4,5,4
2122,sim,masculino,36,4,4,5,4
2123,sim,masculino,34,3,4,5,4
2124,sim,feminino,34,3,2,3,3
2125,sim,masculino,34,4,4,5,4
2126,sim,feminino,34,4,4,5,4
2127,sim,masculino,35,4,4,5,4
2128,sim,feminino,34,4,4,3,5
2129,sim,feminino,34,3,5,5,4
2130,sim,feminino,35,4,4,3,3
2131,sim,feminino,39,3,4,3,3
2132,sim,feminino,36,4,4,5,4
2133,sim,feminino,34,5,5,3,5
2134,sim,feminino,34,2,5,2,3
2135,sim,feminino,34,4,4,5,4
2136,sim,masculino,34,4,4,5,4
2137,sim,masculino,36,4,4,5,4
2138,sim,feminino,35,4,5,4,2
2139,sim,feminino,34,4,5,3,3
2140,sim,feminino,34,2,2,3,3
2141,sim,feminino,35,3,4,5,4
2142,sim,feminino,34,4,4,5,4
2143,sim,masculino,34,4,4,3,5
2144,sim,feminino,34,3,5,3,3
2145,sim,feminino,34,2,5,2,3
2146,sim,masculino,34,3,5,3,1
2147,sim,feminino,35,3,4,5,4
2148,sim,masculino,34,4,4,3,5
2149,sim,feminino,34,5,4,3,5
2150,sim,feminino,34,5,3,4,2
2151,sim,masculino,34,4,4,5,4
2152,sim,feminino,34,3,5,5,4
2153,sim,masculino,37,3,3,3,5
2154,sim,feminino,35,4,4,4,2
2155,sim,masculino,34,4,4,5,4
2156,sim,feminino,35,3,4,5,4
2157,sim,feminino,34,3,5,5,4
2158,sim,feminino,34,2,5,2,3
2159,sim,masculino,34,3,4,5,4
2160,sim,feminino,34,4,5,4,2
2161,sim,feminino,34,4,5,3,3
2162,sim,masculino,35,4,4,5,4
2163,sim,feminino,34,4,4,5,4
2164,sim,masculino,34,3,4,5,4
2165,sim,feminino,34,3,5,3,3
2166,sim,masculino,34,3,2,3,5
2167,sim,feminino,35,4,4,3,3
2168,sim,feminino,34,3,5,3,3
2169,sim,feminino,34,3,5,5,4
2170,sim,feminino,35,3,4,5,4
2171,sim,feminino,35,4,4,5,4
2172,sim,feminino,35,4,4,4,2
2173,sim,feminino,34,3,5,3,3
2174,sim,feminino,35,3,4,5,4
2175,sim,feminino,36,4,4,5,4
2176,sim,masculino,34,3,5,3,1
2177,sim,feminino,34,3,5,5,4
2178,sim,masculino,34,3,4,5,4
2179,sim,feminino,35,3,4,5,4
2180,sim,feminino,34,2,2,3,3
2181,sim,feminino,34,3,2,3,3
2182,sim,masculino,34,5,4,5,4
2183,sim,feminino,34,2,5,2,3
2184,sim,feminino,34,2,2,3,3
2185,sim,feminino,35,4,5,3,5
2186,sim,feminino,34,5,3,4,2
2187,sim,feminino,34,3,5,5,4
2188,sim,feminino,34,4,4,3,3
2189,sim,feminino,34,3,5,5,4
2190,sim,masculino,34,4,4,5,4
2191,sim,feminino,34,5,5,3,5
2192,sim,feminino,42,4,4,3,3
2193,sim,feminino,34,4,4,5,4
2194,sim,feminino,34,4,1,3,3
2195,sim,feminino,42,4,4,3,3
2196,sim,masculino,34,4,4,5,4
2197,sim,feminino,34,5,3,4,2
2198,sim,feminino,34,1,3,5,4
2199,sim,feminino,34,4,5,3,3
2200,sim,feminino,34,2,5,2,3
2201,sim,masculino,37,3,3,3,5
2202,sim,feminino,34,4,4,3,5
2203,sim,feminino,34,5,5,5,4
2204,sim,feminino,34,4,4,3,3
2205,sim,masculino,34,4,4,5,4
2206,sim,feminino,34,4,5,3,3
2207,sim,feminino,34,5,5,3,5
2208,sim,feminino,34,4,4,3,5
2209,sim,feminino,36,4,4,5,4
2210,sim,masculino,34,4,4,3,5
2211,sim,feminino,34,3,2,3,3
2212,sim,feminino,34,4,4,5,4
2213,sim,masculino,34,3,2,3,5
2214,sim,feminino,34,4,4,5,4
2215,sim,feminino,35,4,4,4,2
2216,sim,masculino,34,5,4,5,4
2217,sim,masculino,34,3,2,3,5
2218,sim,masculino,34,4,4,5,4
2219,sim,masculino,35,4,4,5,4
2220,sim,feminino,35,3,4,5,4
2221,sim,feminino,34,5,5,5,4
2222,sim,masculino,34,4,4,3,5
2223,sim,masculino,34,4,4,3,5
2224,sim,feminino,34,5,5,3,5
2225,sim,feminino,35,4,5,4,2
2226,sim,masculino,37,3,3,3,5
2227,sim,masculino,36,4,4,3,3
2228,sim,feminino,35,4,4,5,4
2229,sim,feminino,34,5,5,3,5
2230,sim,feminino,34,5,5,5,4
2231,sim,feminino,34,5,4,3,5
2232,sim,feminino,35,3,4,5,4
2233,sim,feminino,34,5,4,3,5
2234,sim,feminino,34,4,4,5,4
2235,sim,feminino,35,4,4,3,3
2236,sim,feminino,35,4,4,3,3
2237,sim,feminino,34,2,2,3,3
2238,sim,masculino,34,4,4,5,4
2239,sim,feminino,34,3,5,3,3
2240,sim,feminino,36,4,4,5,4
2241,sim,masculino,37,3,3,3,5
2242,sim,feminino,34,4,4,5,4
2243,sim,masculino,36,4,4,3,3
2244,sim,feminino,35,3,5,5,4
2245,sim,masculino,34,4,4,5,4
2246,sim,feminino,35,4,4,3,3
2247,sim,feminino,35,4,5,3,5
2248,sim,feminino,35,4,4,5,4
2249,sim,feminino,34,4,5,4,2
2250,sim,masculino,36,4,4,3,3
2251,sim,feminino,34,5,5,5,4
2252,sim,feminino,34,3,5,3,3
2253,sim,feminino,35,4,4,3,3
2254,sim,masculino,34,4,4,5,4
2255,sim,feminino,34,3,5,5,4
2256,sim,feminino,35,3,5,5,4
2257,sim,masculino,34,5,4,5,4
2258,sim,feminino,34,3,5,5,4
2259,sim,feminino,36,4,4,5,4
2260,sim,feminino,42,4,4,3,3
2261,sim,feminino,42,4,4,3,3
2262,sim,feminino,36,4,4,5,4
2263,sim,masculino,34,4,4,3,5
2264,sim,masculino,37,3,3,3,5
2265,sim,feminino,34,5,5,3,5
2266,sim,feminino,34,4,5,4,2
2267,sim,feminino,34,4,4,5,4
2268,sim,feminino,34,4,4,5,4
2269,sim,feminino,41,4,4,3,5
2270,sim,feminino,35,3,5,5,4
2271,sim,feminino,34,4,4,5,5
2272,sim,feminino,34,2,2,3,3
2273,sim,feminino,34,4,5,4,2
2274,sim,masculino,34,4,4,3,5
2275,sim,masculino,34,4,4,1,3
2276,sim,feminino,34,4,4,5,4
2277,sim,masculino,34,4,4,3,5
2278,sim,feminino,35,3,4,3,3
2279,sim,feminino,35,4,4,5,4
2280,sim,masculino,34,4,4,5,4
2281,sim,feminino,34,4,1,3,3
2282,sim,feminino,34,4,5,3,3
2283,sim,feminino,34,4,4,5,5
2284,sim,masculino,34,4,4,3,5
2285,sim,feminino,34,4,4,5,4
2286,sim,feminino,39,3,4,3,3
2287,sim,masculino,34,4,4,5,4
2288,sim,feminino,39,3,4,3,3
2289,sim,masculino,34,3,2,3,5
2290,sim,masculino,36,4,4,3,3
2291,sim,feminino,34,4,5,3,3
2292,sim,masculino,34,4,4,5,4
2293,sim,feminino,35,4,5,3,5
2294,sim,masculino,35,4,4,5,4
2295,sim,feminino,34,4,3,3,3
2296,sim,masculino,34,3,5,3,1
2297,sim,masculino,36,4,4,3,3
2298,sim,feminino,34,5,5,3,5
2299,sim,feminino,35,4,4,5,4
2300,sim,feminino,35,4,5,4,2
2301,sim,feminino,34,5,5,5,4
2302,sim,masculino,35,4,4,5,4
2303,sim,feminino,35,3,4,3,3
2304,sim,feminino,34,3,5,3,3
2305,sim,masculino,34,4,4,5,4
2306,sim,feminino,34,4,4,3,5
2307,sim,feminino,34,2,5,2,3
2308,sim,feminino,39,3,4,3,3
2309,sim,feminino,34,5,5,3,5
2310,sim,feminino,35,4,4,4,2
2311,sim,feminino,36,4,4,5,4
2312,sim,feminino,34,5,5,5,4
2313,sim,feminino,34,4,5,4,2
2314,sim,masculino,34,4,4,5,4
2315,sim,feminino,35,3,5,5,4
2316,sim,feminino,34,5,4,3,5
2317,sim,masculino,34,5,4,5,4
2318,sim,feminino,34,4,3,3,3
2319,sim,masculino,34,5,4,5,4
2320,sim,feminino,34,4,4,3,3
2321,sim,feminino,39,3,4,3,3
2322,sim,feminino,35,4,5,4,2
2323,sim,feminino,35,3,4,5,4
2324,sim,feminino,34,4,4,5,4
2325,sim,feminino,35,3,4,5,4
2326,sim,feminino,34,4,4,5,4
2327,sim,feminino,34,4,1,3,3
2328,sim,masculino,35,4,4,5,4
2329,sim,feminino,41,4,4,3,5
2330,sim,feminino,34,5,3,4,2
2331,sim,feminino,35,4,5,3,5
2332,sim,feminino,34,5,4,3,5
2333,sim,feminino,34,4,4,5,4
2334,sim,feminino,34,3,2,3,3
2335,sim,masculino,34,3,4,5,4
2336,sim,feminino,34,5,4,3,5
2337,sim,feminino,34,5,5,3,5
2338,sim,feminino,35,3,5,5,4
2339,sim,masculino,34,4,4,3,5
2340,sim,feminino,34,4,5,4,2
2341,sim,feminino,36,4,4,5,4
2342,sim,feminino,34,4,4,5,4
2343,sim,feminino,35,3,5,5,4
2344,sim,feminino,35,4,5,4,2
2345,sim,feminino,34,4,4,5,4
2346,sim,masculino,36,4,4,5,4
2347,sim,masculino,35,4,4,5,4
2348,sim,feminino,34,2,5,2,3
2349,sim,masculino,36,4,4,3,3
2350,sim,masculino,34,4,4,3,5
2351,sim,feminino,41,4,4,3,5
2352,sim,masculino,34,4,4,3,5
2353,sim,masculino,34,4,4,5,4
2354,sim,feminino,34,4,4,3,3
2355,sim,masculino,34,3,4,5,4
2356,sim,masculino,34,3,4,5,4
2357,sim,feminino,34,5,4,3,5
2358,sim,feminino,35,3,5,5,4
2359,sim,masculino,34,4,4,3,5
2360,sim,masculino,34,3,2,3,5
2361,sim,feminino,39,3,4,3,3
2362,sim,feminino,36,4,4,5,4
2363,sim,masculino,34,4,4,3,3
2364,sim,feminino,35,4,4,5,4
2365,sim,feminino,35,4,4,3,3
2366,sim,feminino,34,5,4,3,5
2367,sim,feminino,34,5,4,3,5
2368,sim,feminino,34,4,4,5,4
2369,sim,feminino,34,4,5,3,3
2370,sim,masculino,34,4,4,5,4
2371,sim,feminino,34,3,5,3,3
2372,sim,feminino,35,4,4,3,3
2373,sim,feminino,34,3,5,3,3
2374,sim,feminino,35,4,4,5,4
2375,sim,feminino,34,5,5,3,5
2376,sim,feminino,34,5,5,3,5
2377,sim,feminino,35,4,4,5,4
2378,sim,feminino,35,4,4,3,3
2379,sim,feminino,34,1,3,5,4
2380,sim,feminino,34,2,2,3,3
2381,sim,feminino,34,4,4,5,4
2382,sim,feminino,35,4,5,3,5
2383,sim,feminino,35,3,4,3,3
2384,sim,feminino,34,4,4,3,3
2385,sim,feminino,35,4,5,3,5
2386,sim,feminino,34,2,2,3,3
2387,sim,feminino,34,4,4,5,4
2388,sim,feminino,34,2,2,3,3
2389,sim,feminino,34,4,4,5,4
2390,sim,feminino,35,3,5,5,4
2391,sim,feminino,34,4,5,4,2
2392,sim,masculino,34,3,4,5,4
2393,sim,masculino,34,5,4,5,4
2394,sim,feminino,35,4,4,5,4
2395,sim,feminino,34,4,4,5,5
2396,sim,feminino,35,4,5,4,2
2397,sim,masculino,35,4,4,5,4
2398,sim,masculino,34,3,4,5,4
2399,sim,feminino,35,4,4,5,4
2400,sim,masculino,34,5,4,5,4
2401,sim,feminino,34,5,5,5,4
2402,sim,masculino,34,3,2,3,5
2403,sim,feminino,35,3,5,5,4
2404,sim,feminino,35,3,4,3,3
2405,sim,feminino,34,3,5,5,4
2406,sim,masculino,34,4,4,3,3
2407,sim,masculino,34,4,4,1,3
2408,sim,feminino,35,3,5,5,4
2409,sim,feminino,34,3,5,5,4
2410,sim,masculino,36,4,4,3,3
2411,sim,feminino,34,5,5,3,5
2412,sim,feminino,34,4,4,3,3
2413,sim,feminino,35,4,4,5,4
2414,sim,feminino,34,4,1,3,3
2415,sim,feminino,35,4,4,3,3
2416,sim,feminino,34,4,1,3,3
2417,sim,masculino,34,4,4,1,3
2418,sim,feminino,35,4,5,3,5
2419,sim,feminino,34,3,5,5,4
2420,sim,feminino,34,5,5,3,5
2421,sim,feminino,42,4,4,3,3
2422,sim,feminino,39,3,4,3,3
2423,sim,feminino,34,2,2,3,3
2424,sim,feminino,34,4,4,5,4
2425,sim,feminino,34,4,1,3,3
2426,sim,feminino,34,5,4,3,5
2427,sim,masculino,37,3,3,3,5
2428,sim,feminino,34,4,4,5,4
2429,sim,masculino,35,4,4,5,4
2430,sim,feminino,34,4,4,5,4
2431,sim,feminino,34,5,4,3,5
2432,sim,masculino,37,3,3,3,5
2433,sim,masculino,34,5,4,5,4
2434,sim,feminino,34,4,4,5,5
2435,sim,feminino,35,4,4,5,4
2436,sim,feminino,35,4,5,4,2
2437,sim,feminino,34,3,5,5,4
2438,sim,masculino,34,3,5,3,1
2439,sim,feminino,34,5,5,3,5
2440,sim,masculino,34,4,4,5,4
2441,sim,feminino,34,5,4,3,5
2442,sim,feminino,34,5,5,5,4
2443,sim,feminino,35,4,5,3,5
2444,sim,feminino,34,5,5,3,5
2445,sim,feminino,35,4,4,4,2
2446,sim,feminino,34,5,5,3,5
2447,sim,feminino,34,4,4,5,4
2448,sim,feminino,34,3,5,3,3
2449,sim,feminino,34,1,3,5,4
2450,sim,feminino,42,4,4,3,3
2451,sim,masculino,34,4,4,3,5
2452,sim,masculino,34,4,4,3,5
2453,sim,feminino,34,4,4,3,3
2454,sim,masculino,34,4,4,5,4
2455,sim,feminino,34,4,5,3,3
2456,sim,feminino,34,4,4,5,5
2457,sim,feminino,34,4,4,3,5
2458,sim,feminino,34,4,4,5,4
2459,sim,feminino,34,4,4,5,4
2460,sim,feminino,34,4,4,5,5
2461,sim,feminino,35,4,4,5,4
2462,sim,feminino,34,4,4,5,4
2463,sim,feminino,34,3,2,3,3
2464,sim,feminino,35,3,4,5,4
2465,sim,feminino,35,4,5,3,5
2466,sim,masculino,34,4,4,1,3
2467,sim,feminino,35,4,5,3,5
2468,sim,feminino,34,5,5,3,5
2469,sim,feminino,34,4,4,5,5
2470,sim,feminino,34,4,4,3,3
2471,sim,feminino,34,5,3,4,2
2472,sim,feminino,34,4,4,5,4
2473,sim,feminino,34,5,5,5,4
2474,sim,masculino,34,3,5,3,1
2475,sim,feminino,42,4,4,3,3
2476,sim,masculino,34,4,4,5,4
2477,sim,masculino,34,5,4,5,4
2478,sim,feminino,34,5,3,4,2
2479,sim,feminino,34,4,4,5,4
2480,sim,feminino,34,4,5,3,3
2481,sim,feminino,34,4,4,3,3
2482,sim,feminino,34,5,4,3,5
2483,sim,feminino,34,4,4,5,4
2484,sim,feminino,41,4,4,3,5
2485,sim,masculino,35,4,4,5,4
2486,sim,feminino,34,4,4,5,4
2487,sim,feminino,34,4,4,5,4
2488,sim,feminino,34,4,4,5,4
2489,sim,feminino,34,1,3,5,4
2490,sim,masculino,34,4,4,5,4
2491,sim,feminino,35,4,4,5,4
2492,sim,feminino,35,3,5,5,4
2493,sim,masculino,34,4,4,3,5
2494,sim,feminino,34,4,3,3,3
2495,sim,feminino,34,4,4,5,4
2496,sim,feminino,35,4,5,3,5
2497,sim,feminino,34,5,5,5,4
2498,sim,feminino,34,4,3,3,3
2499,sim,feminino,34,5,5,5,4
2500,sim,feminino,34,2,5,2,3
2501,sim,feminino,34,5,5,5,4
2502,sim,masculino,34,4,4,5,4
2503,sim,masculino,34,4,4,5,4
2504,sim,feminino,34,3,5,5,4
2505,sim,feminino,42,4,4,3,3
2506,sim,masculino,36,4,4,5,4
2507,sim,feminino,34,4,4,3,3
2508,sim,masculino,35,4,4,5,4
2509,sim,feminino,34,4,4,5,5
2510,sim,feminino,35,4,4,3,3
2511,sim,masculino,35,4,4,5,4
2512,sim,masculino,36,4,4,3,3
2513,sim,feminino,36,4,4,5,4
2514,sim,feminino,35,4,4,3,3
2515,sim,feminino,34,4,4,5,4
2516,sim,feminino,34,5,3,4,2
2517,sim,feminino,34,4,1,3,3
2518,sim,masculino,34,4,4,5,4
2519,sim,masculino,34,5,4,5,4
2520,sim,feminino,34,4,1,3,3
2521,sim,feminino,34,5,4,3,5
2522,sim,feminino,34,4,5,4,2
2523,sim,feminino,34,4,4,5,4
2524,sim,feminino,34,3,2,3,3
2525,sim,feminino,34,1,3,5,4
2526,sim,feminino,34,4,4,3,5
2527,sim,masculino,34,4,4,1,3
2528,sim,feminino,42,4,4,3,3
2529,sim,masculino,34,3,5,3,1
2530,sim,masculino,37,3,3,3,5
2531,sim,masculino,34,4,4,3,5
2532,sim,masculino,34,4,4,5,4
2533,sim,feminino,34,1,3,5,4
2534,sim,feminino,34,5,5,3,5
2535,sim,feminino,34,4,4,3,5
2536,sim,feminino,34,4,4,5,5
2537,sim,feminino,34,4,4,5,5
2538,sim,feminino,35,4,4,4,2
2539,sim,masculino,34,3,2,3,5
2540,sim,feminino,34,4,4,3,3
2541,sim,feminino,34,4,4,3,3
2542,sim,feminino,34,3,5,5,4
2543,sim,masculino,34,3,4,5,4
2544,sim,masculino,36,4,4,5,4
2545,sim,masculino,34,4,4,3,3
2546,sim,feminino,34,4,5,4,2
2547,sim,feminino,35,4,4,5,4
2548,sim,masculino,34,4,4,3,5
2549,sim,feminino,34,5,4,3,5
2550,sim,masculino,36,4,4,3,3
2551,sim,feminino,39,3,4,3,3
2552,sim,feminino,35,3,5,5,4
2553,sim,feminino,35,3,4,5,4
2554,sim,feminino,34,2,5,2,3
2555,sim,masculino,34,3,4,5,4
2556,sim,feminino,34,2,5,2,3
2557,sim,masculino,34,3,5,3,1
2558,sim,feminino,34,4,4,5,4
2559,sim,feminino,35,3,4,3,3
2560,sim,feminino,35,4,5,4,2
2561,sim,feminino,34,4,4,5,4
2562,sim,feminino,35,4,4,5,4
2563,sim,masculino,34,4,4,5,4
2564,sim,feminino,34,4,4,5,4
2565,sim,feminino,39,3,4,3,3
2566,sim,feminino,34,3,2,3,3
2567,sim,masculino,34,3,2,3,5
2568,sim,feminino,34,4,4,5,4
2569,sim,masculino,34,4,4,1,3
2570,sim,masculino,34,4,4,5,4
2571,sim,feminino,34,4,3,3,3
2572,sim,feminino,39,3,4,3,3
2573,sim,masculino,34,4,4,1,3
2574,sim,feminino,34,4,4,3,3
2575,sim,feminino,35,3,4,3,3
2576,sim,masculino,36,4,4,5,4
2577,sim,masculino,36,4,4,3,3
2578,sim,masculino,34,5,4,5,4
2579,sim,feminino,35,3,4,5,4
2580,sim,feminino,36,4,4,5,4
2581,sim,feminino,34,2,2,3,3
2582,sim,feminino,34,5,5,3,5
2583,sim,feminino,34,4,1,3,3
2584,sim,masculino,34,4,4,1,3
2585,sim,feminino,35,3,4,5,4
2586,sim,feminino,34,4,4,5,4
2587,sim,feminino,34,4,1,3,3
2588,sim,feminino,34,3,5,5,4
2589,sim,masculino,34,4,4,5,4
2590,sim,feminino,34,5,5,3,5
2591,sim,feminino,35,3,4,5,4
2592,sim,feminino,35,4,4,4,2
2593,sim,feminino,35,4,4,5,4
2594,sim,feminino,34,5,3,4,2
2595,sim,feminino,34,4,4,3,3
2596,sim,feminino,34,2,2,3,3
2597,sim,feminino,34,3,5,5,4
2598,sim,feminino,34,4,4,3,5
2599,sim,feminino,34,4,5,4,2
2600,sim,feminino,34,4,4,5,4
2601,sim,feminino,34,4,4,5,4
2602,sim,feminino,35,4,4,5,4
2603,sim,feminino,35,4,5,4,2
2604,sim,masculino,34,5,4,5,4
2605,sim,feminino,34,5,5,5,4
2606,sim,feminino,34,5,5,3,5
2607,sim,feminino,34,3,5,5,4
2608,sim,feminino,34,4,5,4,2
2609,sim,feminino,34,5,5,5,4
2610,sim,feminino,34,4,4,5,4
2611,sim,feminino,34,4,4,5,4
2612,sim,feminino,34,4,5,3,3
2613,sim,feminino,34,5,5,3,5
2614,sim,feminino,34,3,5,3,3
2615,sim,masculino,34,5,4,5,4
2616,sim,feminino,34,4,4,3,5
2617,sim,feminino,35,3,4,3,3
2618,sim,feminino,35,4,4,5,4
2619,sim,feminino,34,5,3,4,2
2620,sim,feminino,34,4,4,3,3
2621,sim,masculino,34,3,5,3,1
2622,sim,feminino,34,4,4,5,5
2623,sim,feminino,34,4,4,5,4
2624,sim,feminino,34,4,3,3,3
2625,sim,feminino,35,4,4,5,4
2626,sim,feminino,35,4,4,5,4
2627,sim,feminino,34,4,1,3,3
2628,sim,feminino,35,4,4,4,2
2629,sim,masculino,34,4,4,5,4
2630,sim,feminino,35,4,5,4,2
2631,sim,feminino,35,3,5,5,4
2632,sim,masculino,34,3,4,5,4
2633,sim,feminino,34,3,5,5,4
2634,sim,feminino,35,3,4,5,4
2635,sim,feminino,35,4,4,3,3
2636,sim,feminino,34,5,5,3,5
2637,sim,feminino,35,4,4,3,3
2638,sim,feminino,34,4,4,3,3
2639,sim,masculino,34,4,4,3,5
2640,sim,feminino,34,2,2,3,3
2641,sim,feminino,34,5,5,3,5
2642,sim,feminino,34,3,5,5,4
2643,sim,feminino,34,1,3,5,4
2644,sim,feminino,34,4,4,5,4
2645,sim,feminino,35,4,4,4,2
2646,sim,feminino,35,4,5,4,2
2647,sim,feminino,34,4,4,5,4
2648,sim,masculino,36,4,4,5,4
2649,sim,masculino,34,4,4,5,4
2650,sim,feminino,35,4,4,3,3
2651,sim,feminino,34,4,4,3,3
2652,sim,feminino,34,3,5,3,3
2653,sim,masculino,34,4,4,3,3
2654,sim,feminino,35,4,4,5,4
2655,sim,feminino,34,4,4,3,3
2656,sim,feminino,35,3,5,5,4
2657,sim,feminino,34,3,5,5,4
2658,sim,feminino,34,3,5,5,4
2659,sim,feminino,34,5,3,4,2
2660,sim,feminino,34,3,2,3,3
2661,sim,masculino,36,4,4,5,4
2662,sim,masculino,34,4,4,3,5
2663,sim,feminino,35,3,4,5,4
2664,sim,feminino,35,4,4,5,4
2665,sim,feminino,34,5,5,5,4
2666,sim,feminino,34,4,4,3,3
2667,sim,feminino,34,4,4,5,4
2668,sim,masculino,34,4,4,5,4
2669,sim,masculino,34,4,4,3,5
2670,sim,masculino,34,4,4,3,5
2671,sim,masculino,34,4,4,3,5
2672,sim,feminino,34,1,3,5,4
2673,sim,feminino,34,5,5,3,5
2674,sim,feminino,34,3,5,5,4
2675,sim,feminino,41,4,4,3,5
2676,sim,feminino,34,4,4,5,4
2677,sim,feminino,34,2,5,2,3
2678,sim,masculino,34,4,4,3,3
2679,sim,feminino,34,3,2,3,3
2680,sim,feminino,34,4,3,3,3
2681,sim,feminino,34,3,5,5,4
2682,sim,feminino,34,3,5,5,4
2683,sim,feminino,39,3,4,3,3
2684,sim,masculino,37,3,3,3,5
2685,sim,masculino,34,4,4,1,3
2686,sim,masculino,34,3,5,3,1
2687,sim,feminino,34,3,5,5,4
2688,sim,feminino,35,3,4,5,4
2689,sim,feminino,34,4,4,5,4
2690,sim,feminino,41,4,4,3,5
2691,sim,feminino,39,3,4,3,3
2692,sim,feminino,34,4,4,5,5
2693,sim,masculino,34,4,4,3,5
2694,sim,feminino,34,4,3,3,3
2695,sim,feminino,36,4,4,5,4
2696,sim,feminino,34,4,4,5,4
2697,sim,feminino,35,4,4,3,3
2698,sim,masculino,34,4,4,5,4
2699,sim,feminino,34,1,3,5,4
2700,sim,feminino,35,3,4,3,3
2701,sim,feminino,35,4,4,3,3
2702,sim,masculino,34,3,2,3,5
2703,sim,feminino,34,5,3,4,2
2704,sim,masculino,35,4,4,5,4
2705,sim,feminino,34,3,5,5,4
2706,sim,feminino,35,4,5,4,2
2707,sim,masculino,34,4,4,5,4
2708,sim,feminino,34,2,2,3,3
2709,sim,masculino,34,5,4,5,4
2710,sim,masculino,34,4,4,3,3
2711,sim,masculino,34,4,4,3,5
2712,sim,masculino,34,4,4,5,4
2713,sim,feminino,42,4,4,3,3
2714,sim,feminino,36,4,4,5,4
2715,sim,masculino,34,3,4,5,4
2716,sim,masculino,34,4,4,1,3
2717,sim,masculino,34,4,4,3,5
2718,sim,feminino,35,4,5,4,2
2719,sim,feminino,35,3,4,3,3
2720,sim,feminino,34,3,5,3,3
2721,sim,feminino,35,4,4,3,3
2722,sim,feminino,34,4,3,3,3
2723,sim,feminino,34,3,5,3,3
2724,sim,feminino,35,4,4,5,4
2725,sim,feminino,34,3,5,5,4
2726,sim,feminino,34,3,2,3,3
2727,sim,feminino,34,4,4,5,4
2728,sim,feminino,41,4,4,3,5
2729,sim,feminino,35,4,4,3,3
2730,sim,masculino,34,5,4,5,4
2731,sim,feminino,34,2,2,3,3
2732,sim,feminino,35,3,4,3,3
2733,sim,feminino,34,2,2,3,3
2734,sim,feminino,34,2,5,2,3
2735,sim,feminino,34,4,4,3,5
2736,sim,masculino,35,4,4,5,4
2737,sim,feminino,34,4,5,4,2
2738,sim,feminino,34,2,2,3,3
2739,sim,feminino,42,4,4,3,3
2740,sim,feminino,34,4,3,3,3
2741,sim,feminino,34,3,2,3,3
2742,sim,feminino,34,4,1,3,3
2743,sim,feminino,34,4,4,5,4
2744,sim,masculino,34,3,2,3,5
2745,sim,feminino,34,5,5,3,5
2746,sim,masculino,34,4,4,3,3
2747,sim,feminino,34,5,3,4,2
2748,sim,feminino,35,3,4,5,4
2749,sim,feminino,34,4,4,5,4
2750,sim,feminino,35,4,4,4,2
2751,sim,feminino,35,4,4,5,4
2752,sim,feminino,34,5,5,3,5
2753,sim,masculino,34,4,4,5,4
2754,sim,feminino,42,4,4,3,3
2755,sim,feminino,35,3,4,3,3
2756,sim,masculino,34,4,4,3,3
2757,sim,feminino,34,4,5,4,2
2758,sim,feminino,34,4,4,3,5
2759,sim,masculino,36,4,4,3,3
2760,sim,feminino,34,4,4,5,4
2761,sim,masculino,34,3,5,3,1
2762,sim,masculino,34,4,4,3,5
2763,sim,feminino,34,4,4,3,5
2764,sim,feminino,34,5,5,3,5
2765,sim,masculino,34,4,4,3,3
2766,sim,feminino,34,4,4,5,4
2767,sim,feminino,34,4,4,5,4
2768,sim,masculino,34,3,2,3,5
2769,sim,feminino,34,1,3,5,4
2770,sim,feminino,35,3,4,5,4
2771,sim,feminino,34,3,5,5,4
2772,sim,feminino,35,3,4,5,4
2773,sim,feminino,34,4,4,5,4
2774,sim,feminino,35,4,5,4,2
2775,sim,feminino,42,4,4,3,3
2776,sim,feminino,36,4,4,5,4
2777,sim,feminino,35,4,4,3,3
2778,sim,feminino,34,5,5,3,5
2779,sim,feminino,35,3,4,3,3
2780,sim,feminino,34,5,5,3,5
2781,sim,feminino,34,4,4,5,5
2782,sim,feminino,39,3,4,3,3
2783,sim,masculino,34,4,4,1,3
2784,sim,feminino,34,5,5,3,5
2785,sim,masculino,34,4,4,3,5
2786,sim,feminino,34,4,4,5,4
2787,sim,feminino,35,4,5,4,2
2788,sim,feminino,34,4,1,3,3
2789,sim,feminino,35,4,4,4,2
2790,sim,feminino,34,4,4,5,4
2791,sim,feminino,42,4,4,3,3
2792,sim,feminino,34,4,4,5,4
2793,sim,masculino,36,4,4,5,4
2794,sim,feminino,34,4,4,5,4
2795,sim,feminino,34,4,4,5,4
2796,sim,feminino,35,4,5,3,5
2797,sim,feminino,39,3,4,3,3
2798,sim,feminino,34,4,4,3,5
2799,sim,masculino,37,3,3,3,5
2800,sim,feminino,34,1,3,5,4
2801,sim,feminino,35,4,4,3,3
2802,sim,feminino,35,3,4,5,4
2803,sim,masculino,36,4,4,3,3
2804,sim,feminino,35,4,5,3,5
2805,sim,feminino,34,5,5,3,5
2806,sim,feminino,34,4,5,3,3
2807,sim,feminino,34,4,4,5,5
2808,sim,feminino,35,4,4,3,3
2809,sim,masculino,34,4,4,3,3
2810,sim,feminino,34,5,5,3,5
2811,sim,feminino,34,4,4,5,4
2812,sim,feminino,34,4,5,3,3
2813,sim,masculino,34,3,4,5,4
2814,sim,feminino,34,4,4,5,4
2815,sim,feminino,34,5,5,5,4
2816,sim,feminino,35,4,4,5,4
2817,sim,feminino,35,4,5,4,2
2818,sim,feminino,34,4,4,3,3
2819,sim,masculino,34,4,4,5,4
2820,sim,feminino,34,5,5,5,4
2821,sim,feminino,35,3,4,5,4
2822,sim,feminino,34,2,5,2,3
2823,sim,feminino,34,4,3,3,3
2824,sim,feminino,34,4,4,3,3
2825,sim,masculino,36,4,4,3,3
2826,sim,feminino,35,3,4,5,4
2827,sim,feminino,34,5,4,3,5
2828,sim,feminino,34,3,5,5,4
2829,sim,feminino,39,3,4,3,3
2830,sim,feminino,35,4,4,5,4
2831,sim,feminino,34,5,3,4,2
2832,sim,feminino,34,3,5,5,4
2833,sim,masculino,34,4,4,5,4
2834,sim,feminino,34,3,5,3,3
2835,sim,feminino,34,4,5,3,3
2836,sim,masculino,36,4,4,5,4
2837,sim,masculino,36,4,4,3,3
2838,sim,feminino,35,3,4,5,4
2839,sim,feminino,41,4,4,3,5
2840,sim,feminino,34,5,5,3,5
2841,sim,feminino,34,4,4,5,5
2842,sim,feminino,34,4,4,3,3
2843,sim,masculino,34,5,4,5,4
2844,sim,feminino,34,4,4,3,3
2845,sim,feminino,34,4,3,3,3
2846,sim,feminino,39,3,4,3,3
2847,sim,feminino,34,4,4,3,3
2848,sim,feminino,34,4,4,3,5
2849,sim,feminino,35,3,4,5,4
2850,sim,feminino,34,3,5,5,4
2851,sim,masculino,34,4,4,5,4
2852,sim,feminino,34,3,2,3,3
2853,sim,feminino,35,4,4,3,3
2854,sim,feminino,41,4,4,3,5
2855,sim,feminino,36,4,4,5,4
2856,sim,masculino,36,4,4,5,4
2857,sim,masculino,34,4,4,3,5
2858,sim,masculino,34,4,4,5,4
2859,sim,feminino,35,4,5,3,5
2860,sim,feminino,34,4,5,3,3
2861,sim,feminino,35,3,4,5,4
2862,sim,feminino,34,4,4,5,4
2863,sim,feminino,39,3,4,3,3
2864,sim,feminino,41,4,4,3,5
2865,sim,masculino,34,3,5,3,1
2866,sim,masculino,36,4,4,3,3
2867,sim,feminino,34,4,3,3,3
2868,sim,feminino,34,5,3,4,2
2869,sim,feminino,35,3,4,3,3
2870,sim,feminino,34,3,5,5,4
2871,sim,masculino,34,4,4,3,3
2872,sim,masculino,34,4,4,5,4
2873,sim,feminino,35,3,5,5,4
2874,sim,feminino,34,4,4,5,5
2875,sim,feminino,34,5,4,3,5
2876,sim,feminino,34,4,5,3,3
2877,sim,feminino,39,3,4,3,3
2878,sim,feminino,34,1,3,5,4
2879,sim,feminino,34,4,4,3,3
2880,sim,masculino,34,4,4,3,5
2881,sim,feminino,35,4,5,3,5
2882,sim,masculino,34,4,4,5,4
2883,sim,feminino,34,4,4,3,3
2884,sim,feminino,34,5,3,4,2
2885,sim,masculino,34,3,5,3,1
2886,sim,masculino,34,4,4,5,4
2887,sim,masculino,34,3,5,3,1
2888,sim,feminino,34,5,5,3,5
2889,sim,feminino,34,2,2,3,3
2890,sim,feminino,35,3,4,5,4
2891,sim,feminino,34,3,5,5,4
2892,sim,feminino,34,4,4,5,4
2893,sim,masculino,35,4,4,5,4
2894,sim,feminino,34,2,2,3,3
2895,sim,masculino,34,5,4,5,4
2896,sim,masculino,34,4,4,3,5
2897,sim,feminino,34,5,5,5,4
2898,sim,feminino,34,5,3,4,2
2899,sim,feminino,35,4,4,3,3
2900,sim,masculino,34,4,4,5,4
2901,sim,feminino,34,3,5,3,3
2902,sim,feminino,34,1,3,5,4
2903,sim,feminino,34,3,2,3,3
2904,sim,feminino,35,3,4,3,3
2905,sim,feminino,34,1,3,5,4
2906,sim,feminino,34,4,4,3,3
2907,sim,feminino,35,4,4,3,3
2908,sim,feminino,34,3,5,5,4
2909,sim,masculino,34,4,4,1,3
2910,sim,masculino,34,3,2,3,5
2911,sim,masculino,34,4,4,3,5
2912,sim,feminino,35,3,4,5,4
2913,sim,feminino,35,3,4,5,4
2914,sim,feminino,34,4,1,3,3
2915,sim,feminino,35,4,4,4,2
2916,sim,masculino,34,4,4,5,4
2917,sim,masculino,34,4,4,5,4
2918,sim,feminino,34,4,4,5,4
2919,sim,masculino,34,4,4,1,3
2920,sim,masculino,34,4,4,5,4
2921,sim,feminino,34,2,2,3,3
2922,sim,feminino,35,4,4,5,4
2923,sim,feminino,34,4,4,5,4
2924,sim,feminino,34,4,4,5,4
2925,sim,feminino,41,4,4,3,5
2926,sim,feminino,34,4,5,3,3
2927,sim,masculino,34,3,4,5,4
2928,sim,feminino,34,4,3,3,3
2929,sim,feminino,35,3,5,5,4
2930,sim,feminino,34,3,2,3,3
2931,sim,masculino,34,4,4,1,3
2932,sim,feminino,34,5,5,3,5
2933,sim,masculino,34,3,5,3,1
2934,sim,feminino,39,3,4,3,3
2935,sim,feminino,34,4,4,3,3
2936,sim,feminino,34,4,5,4,2
2937,sim,feminino,34,5,4,3,5
2938,sim,feminino,34,3,2,3,3
2939,sim,feminino,34,3,5,5,4
2940,sim,masculino,34,4,4,3,5
2941,sim,masculino,37,3,3,3,5
2942,sim,feminino,34,4,4,3,3
2943,sim,feminino,34,4,4,3,5
2944,sim,masculino,34,4,4,1,3
2945,sim,feminino,34,4,4,3,3
2946,sim,feminino,35,4,4,5,4
2947,sim,masculino,34,4,4,3,5
2948,sim,feminino,34,3,5,5,4
2949,sim,feminino,34,3,2,3,3
2950,sim,feminino,34,2,5,2,3
2951,sim,masculino,34,4,4,3,3
2952,sim,masculino,34,5,4,5,4
2953,sim,feminino,34,4,4,3,3
2954,sim,feminino,34,4,4,5,4
2955,sim,feminino,34,5,5,3,5
2956,sim,feminino,41,4,4,3,5
2957,sim,feminino,35,4,4,5,4
2958,sim,feminino,34,3,2,3,3
2959,sim,feminino,35,3,4,5,4
2960,sim,feminino,35,4,4,5,4
2961,sim,feminino,34,4,4,5,4
2962,sim,feminino,34,4,4,5,4
2963,sim,feminino,35,3,4,5,4
2964,sim,masculino,34,4,4,1,3
2965,sim,masculino,34,5,4,5,4
2966,sim,feminino,36,4,4,5,4
2967,sim,masculino,34,4,4,3,5
2968,sim,feminino,34,3,5,5,4
2969,sim,masculino,36,4,4,3,3
2970,sim,feminino,34,4,4,3,5
2971,sim,feminino,34,4,4,5,4
2972,sim,feminino,36,4,4,5,4
2973,sim,masculino,36,4,4,5,4
2974,sim,feminino,35,3,4,5,4
2975,sim,feminino,34,3,5,5,4
2976,sim,masculino,36,4,4,5,4
2977,sim,feminino,34,3,5,5,4
2978,sim,feminino,34,2,5,2,3
2979,sim,feminino,34,4,4,5,5
2980,sim,masculino,35,4,4,5,4
2981,sim,feminino,35,3,5,5,4
2982,sim,masculino,35,4,4,5,4
2983,sim,masculino,35,4,4,5,4
2984,sim,feminino,34,4,4,5,4
2985,sim,masculino,34,3,2,3,5
2986,sim,feminino,34,4,4,5,4
2987,sim,feminino,34,5,5,3,5
2988,sim,feminino,34,4,4,5,4
2989,sim,masculino,34,3,5,3,1
2990,sim,feminino,39,3,4,3,3
2991,sim,feminino,34,1,3,5,4
2992,sim,feminino,34,4,3,3,3
2993,sim,feminino,34,4,3,3,3
2994,sim,feminino,34,4,4,3,3
2995,sim,feminino,34,2,5,2,3
2996,sim,masculino,34,4,4,1,3
2997,sim,feminino,34,4,5,4,2
2998,sim,masculino,36,4,4,3,3
2999,sim,feminino,35,4,4,5,4
3000,sim,feminino,34,4,4,3,3
